series,method,logpdf,crps,n,arm
CCLACBW027SBOG,laplace,4.481171,0.001662,150,weekly
CCLACBW027SBOG,clf8,4.276481,0.001617,150,weekly
RESPPANWW,laplace,4.599920,0.001307,150,weekly
RESPPANWW,clf8,4.629334,0.001387,150,weekly
TREAST,laplace,4.808490,0.001194,150,weekly
TREAST,clf8,5.576875,0.000862,150,weekly
WRMFNS,laplace,3.824896,0.002871,150,weekly
WRMFNS,clf8,3.806930,0.002775,150,weekly
D2WLTGAL,laplace,0.716761,0.064983,150,weekly
D2WLTGAL,clf8,0.694425,0.062288,150,weekly
SWPT,laplace,-6.634265,146.217536,150,weekly
SWPT,clf8,-5.439497,234.331631,150,weekly
GASDESW,laplace,2.577950,0.011021,150,weekly
GASDESW,clf8,2.345611,0.011116,150,weekly
WM1NS,laplace,3.650875,0.002723,150,weekly
WM1NS,clf8,4.112225,0.002374,150,weekly
ADPWNUSNERSA,laplace,7.542866,0.000082,150,weekly
ADPWNUSNERSA,clf8,7.457029,0.000073,150,weekly
M1,laplace,2.687171,0.021995,150,weekly
M1,clf8,2.996942,0.012747,150,weekly
NFCINONFINLEVERAGE,laplace,4.147785,0.001079,150,weekly
NFCINONFINLEVERAGE,clf8,5.216060,0.000599,150,weekly
BRMALR0101,laplace,4.405748,0.002796,150,weekly
BRMALR0101,clf8,3.671155,0.003040,150,weekly
CCSA,laplace,2.900909,0.007225,150,weekly
CCSA,clf8,2.888082,0.006878,150,weekly
ICNSA,laplace,0.886990,0.057278,150,weekly
ICNSA,clf8,0.876164,0.050988,150,weekly
WLCFLL,laplace,-9.745898,2647.536680,150,weekly
WLCFLL,clf8,-9.349786,3679.476166,150,weekly
CLSACBW027SBOG,laplace,4.689740,0.001618,150,weekly
CLSACBW027SBOG,clf8,4.519550,0.001485,150,weekly
WRBWFRBL,laplace,2.148478,0.015470,150,weekly
WRBWFRBL,clf8,2.119202,0.014472,150,weekly
WGS10YR,laplace,2.344736,0.012586,150,weekly
WGS10YR,clf8,2.188415,0.013531,150,weekly
LNFACBW027SBOG,laplace,3.637403,0.004507,150,weekly
LNFACBW027SBOG,clf8,3.614023,0.004073,150,weekly
WLTLECL,laplace,4.591872,0.001316,150,weekly
WLTLECL,clf8,4.621993,0.001390,150,weekly
TOTBKCR,laplace,5.320471,0.000633,150,weekly
TOTBKCR,clf8,5.165900,0.000642,150,weekly
TLAACBW027SBOG,laplace,4.622207,0.001293,150,weekly
TLAACBW027SBOG,clf8,4.576335,0.001303,150,weekly
WSHOTSL,laplace,4.808490,0.001194,150,weekly
WSHOTSL,clf8,5.576875,0.000862,150,weekly
WFII10,laplace,1.149158,0.043350,150,weekly
WFII10,clf8,0.824412,0.044551,150,weekly
DPSACBW027SBOG,laplace,4.635996,0.001312,150,weekly
DPSACBW027SBOG,clf8,4.472057,0.001221,150,weekly
M2,laplace,4.584594,0.001828,150,weekly
M2,clf8,3.741770,0.002093,150,weekly
WGS5YR,laplace,2.284979,0.013514,150,weekly
WGS5YR,clf8,2.117859,0.014444,150,weekly
WSEFINTL1,laplace,-11.056646,8532.102325,150,weekly
WSEFINTL1,clf8,-11.360231,8610.134443,150,weekly
WSHOMCB,laplace,-7.943371,3009.213959,150,weekly
WSHOMCB,clf8,-6.280672,1019.244613,150,weekly
TOTCI,laplace,4.264244,0.001959,150,weekly
TOTCI,clf8,4.237791,0.001919,150,weekly
BUSAPPWNSAUS,laplace,0.441768,0.118944,150,weekly
BUSAPPWNSAUS,clf8,0.369448,0.109591,150,weekly
STLFSI2,laplace,-0.185411,0.190026,150,weekly
STLFSI2,clf8,-0.686184,0.174474,150,weekly
TOTLL,laplace,5.531949,0.000529,150,weekly
TOTLL,clf8,5.405081,0.000556,150,weekly
WLODLL,laplace,2.154475,0.015380,150,weekly
WLODLL,clf8,2.119056,0.014472,150,weekly
CARACBW027SBOG,laplace,5.588960,0.000491,150,weekly
CARACBW027SBOG,clf8,5.311598,0.000544,150,weekly
DPSACBW027NBOG,laplace,3.919433,0.002607,150,weekly
DPSACBW027NBOG,clf8,4.061800,0.002162,150,weekly
ICSA,laplace,1.561804,0.026403,150,weekly
ICSA,clf8,1.437540,0.028828,150,weekly
IC4WSA,laplace,2.450448,0.009631,150,weekly
IC4WSA,clf8,2.659045,0.016093,150,weekly
MORTGAGE15US,laplace,2.628096,0.009562,150,weekly
MORTGAGE15US,clf8,2.535406,0.009559,150,weekly
FF,laplace,7.388157,0.002820,150,weekly
FF,clf8,0.818166,0.244129,150,weekly
WDTGAL,laplace,0.716761,0.064983,150,weekly
WDTGAL,clf8,0.694425,0.062288,150,weekly
ANFCI,laplace,3.975513,0.002654,150,weekly
ANFCI,clf8,4.317985,0.001955,150,weekly
MORTGAGE30US,laplace,2.932987,0.007107,150,weekly
MORTGAGE30US,clf8,2.754509,0.007570,150,weekly
WALCL,laplace,4.600003,0.001307,150,weekly
WALCL,clf8,4.629334,0.001387,150,weekly
WTREGEN,laplace,1.055721,0.045695,150,weekly
WTREGEN,clf8,0.920476,0.045060,150,weekly
WM2NS,laplace,4.076812,0.002273,150,weekly
WM2NS,clf8,4.272175,0.001572,150,weekly
WRESBAL,laplace,2.325203,0.012845,150,weekly
WRESBAL,clf8,2.291303,0.011693,150,weekly
NFCI,laplace,4.304275,0.001914,150,weekly
NFCI,clf8,4.580789,0.001195,150,weekly
STLFSI4,laplace,0.313081,0.100469,150,weekly
STLFSI4,clf8,0.206852,0.097637,150,weekly
WJFUELUSGULF,laplace,1.615485,0.027037,150,weekly
WJFUELUSGULF,clf8,1.496376,0.026955,150,weekly
WLRRAL,laplace,1.011835,0.048970,150,weekly
WLRRAL,clf8,0.666435,0.047904,150,weekly
WLCFLPCL,laplace,-9.060197,1063.404340,150,weekly
WLCFLPCL,clf8,-8.708858,1677.677548,150,weekly
WGS1YR,laplace,2.856001,0.007984,150,weekly
WGS1YR,clf8,2.672075,0.008277,150,weekly
WPRIME,laplace,8.978708,0.001536,150,weekly
WPRIME,clf8,0.579273,0.058105,150,weekly
H41RESPPALDKNWW,laplace,-8.374773,1399.492215,150,weekly
H41RESPPALDKNWW,clf8,-9.837127,3965.204487,150,weekly
NFCILEVERAGE,laplace,4.063339,0.002288,150,weekly
NFCILEVERAGE,clf8,4.009721,0.002596,150,weekly
WSHOSHO,laplace,4.987240,0.000882,150,weekly
WSHOSHO,clf8,5.315833,0.000760,150,weekly
WSHOBL,laplace,-5.439375,1699.786520,150,weekly
WSHOBL,clf8,-8.948732,3058.117553,150,weekly
TLBACBW027NBOG,laplace,4.057120,0.002278,150,weekly
TLBACBW027NBOG,clf8,3.903972,0.002218,150,weekly
RESPPLLOPNWW,laplace,-7.529845,248.994103,150,weekly
RESPPLLOPNWW,clf8,-7.958472,310.076041,150,weekly
TMBACBW027SBOG,laplace,4.356913,0.001658,150,weekly
TMBACBW027SBOG,clf8,4.134364,0.001806,150,weekly
WORAL,laplace,-6.397645,1821.317065,150,weekly
WORAL,clf8,-6.213198,2836.746258,150,weekly
COMPOUT,laplace,2.643567,0.009676,150,weekly
COMPOUT,clf8,2.382312,0.009620,150,weekly
CC4WSA,laplace,4.186327,0.001821,150,weekly
CC4WSA,clf8,4.276779,0.002637,150,weekly
NFCICREDIT,laplace,5.078619,0.001050,150,weekly
NFCICREDIT,clf8,5.150168,0.000798,150,weekly
CASACBW027SBOG,laplace,2.719974,0.008716,150,weekly
CASACBW027SBOG,clf8,2.601302,0.008910,150,weekly
WMTSECL1,laplace,-11.047050,8477.609149,150,weekly
WMTSECL1,clf8,-11.368760,8533.609660,150,weekly
TREAS10Y,laplace,5.215036,0.000711,150,weekly
TREAS10Y,clf8,6.386338,0.000996,150,weekly
ABCOMP,laplace,3.117309,0.005973,150,weekly
ABCOMP,clf8,2.922763,0.006162,150,weekly
NFCIRISK,laplace,4.446391,0.001682,150,weekly
NFCIRISK,clf8,4.702419,0.001083,150,weekly
WGS2YR,laplace,2.455473,0.011880,150,weekly
WGS2YR,clf8,2.370829,0.012208,150,weekly
WGS1MO,laplace,2.768386,0.022713,150,weekly
WGS1MO,clf8,3.115013,0.024666,150,weekly
TOTBORR,laplace,-3.094711,5.535217,150,weekly
TOTBORR,clf8,-2.989341,5.317696,150,weekly
WREPODEL,laplace,-12.056275,27250.038029,150,weekly
WREPODEL,clf8,-12.071196,27176.499088,150,weekly
MORTGAGE5US,laplace,2.148711,0.017643,150,weekly
MORTGAGE5US,clf8,1.462317,0.018841,150,weekly
CIBOARD,laplace,3.975190,0.002804,150,weekly
CIBOARD,clf8,3.851203,0.002641,150,weekly
WAAA,laplace,2.586319,0.010167,150,weekly
WAAA,clf8,2.458082,0.011135,150,weekly
WCBLSA,laplace,-6.619870,144.046998,150,weekly
WCBLSA,clf8,-5.483506,223.430153,150,weekly
WGS3YR,laplace,2.371903,0.012851,150,weekly
WGS3YR,clf8,2.236147,0.013338,150,weekly
WBAA,laplace,2.734050,0.008832,150,weekly
WBAA,clf8,2.488592,0.009434,150,weekly
CCNSA,laplace,1.864808,0.021163,150,weekly
CCNSA,clf8,2.333395,0.016297,150,weekly
WREPO,laplace,-6.954057,1122.494134,150,weekly
WREPO,clf8,-7.172505,1995.523773,150,weekly
WDDNS,laplace,2.347772,0.013042,150,weekly
WDDNS,clf8,2.886348,0.006984,150,weekly
WSHONBNL,laplace,7.189654,0.001150,150,weekly
WSHONBNL,clf8,5.743161,0.000986,150,weekly
WSEFINT1,laplace,-10.839562,6830.364668,150,weekly
WSEFINT1,clf8,-10.993971,6928.169772,150,weekly
WGS30YR,laplace,2.483408,0.011256,150,weekly
WGS30YR,clf8,2.244908,0.012167,150,weekly
IURSA,laplace,8.061655,0.005491,150,weekly
IURSA,clf8,1.740855,0.060357,150,weekly
WPC,laplace,-8.651267,707.366017,150,weekly
WPC,clf8,-8.355942,1276.637847,150,weekly
TOTBKCRNSA,laplace,4.903918,0.000986,150,weekly
TOTBKCRNSA,clf8,4.770242,0.000921,150,weekly
H41RESPPALGTRFNWW,laplace,-2.897678,82.219367,150,weekly
H41RESPPALGTRFNWW,clf8,-4.799130,5349.309931,150,weekly
STLFSI3,laplace,-0.434915,0.217665,150,weekly
STLFSI3,clf8,-1.219547,0.213672,150,weekly
WREPOFOR,laplace,2.124469,0.016079,150,weekly
WREPOFOR,clf8,1.912786,0.016319,150,weekly
TOTLLNSA,laplace,4.770564,0.001121,150,weekly
TOTLLNSA,clf8,4.818254,0.000958,150,weekly
DPSSCBW027SBOG,laplace,4.986828,0.000881,150,weekly
DPSSCBW027SBOG,clf8,4.751358,0.001001,150,weekly
WLRRAFOIAL,laplace,1.944107,0.018967,150,weekly
WLRRAFOIAL,clf8,1.870423,0.019211,150,weekly
CAICLAIMS,laplace,0.862933,0.057047,150,weekly
CAICLAIMS,clf8,0.856713,0.049829,150,weekly
WTB3MS,laplace,3.609452,0.015085,150,weekly
WTB3MS,clf8,3.266480,0.020167,150,weekly
CCLACBW027NBOG,laplace,3.440212,0.004246,150,weekly
CCLACBW027NBOG,clf8,3.713048,0.002854,150,weekly
WOFSRBRBC,laplace,4.584676,0.001323,150,weekly
WOFSRBRBC,clf8,4.602994,0.001389,150,weekly
D2WATAL,laplace,2.749918,0.008614,150,weekly
D2WATAL,clf8,2.633154,0.007913,150,weekly
SBCACBW027SBOG,laplace,4.417892,0.001606,150,weekly
SBCACBW027SBOG,clf8,4.201657,0.001717,150,weekly
WGS3MO,laplace,2.840124,0.020219,150,weekly
WGS3MO,clf8,2.973355,0.023620,150,weekly
STLFSI,laplace,1.296041,0.040174,150,weekly
STLFSI,clf8,1.054316,0.040683,150,weekly
BRMCDS0101,laplace,4.264282,0.006851,150,weekly
BRMCDS0101,clf8,2.660906,0.007458,150,weekly
ODSACBW027SBOG,laplace,4.474213,0.001551,150,weekly
ODSACBW027SBOG,clf8,4.339105,0.001399,150,weekly
TREAS1590,laplace,0.945876,0.053046,150,weekly
TREAS1590,clf8,0.992591,0.043341,150,weekly
WGS20YR,laplace,2.493500,0.011265,150,weekly
WGS20YR,clf8,2.245947,0.012100,150,weekly
WTFSRFL,laplace,4.596133,0.001309,150,weekly
WTFSRFL,clf8,4.616677,0.001378,150,weekly
TLBACBW027SBOG,laplace,4.516583,0.001446,150,weekly
TLBACBW027SBOG,clf8,4.352980,0.001475,150,weekly
WDFUELUSGULF,laplace,1.667351,0.025615,150,weekly
WDFUELUSGULF,clf8,1.549676,0.025417,150,weekly
TREAS911Y,laplace,2.428863,0.011958,150,weekly
TREAS911Y,clf8,2.491580,0.011217,150,weekly
WSLB20,laplace,3.253915,0.009526,150,weekly
WSLB20,clf8,2.453580,0.009517,150,weekly
TOTCINSA,laplace,3.815088,0.002772,150,weekly
TOTCINSA,clf8,3.667809,0.002734,150,weekly
WTB6MS,laplace,3.511790,0.004745,150,weekly
WTB6MS,clf8,2.891037,0.005398,150,weekly
WLAD,laplace,-8.313161,570.209237,150,weekly
WLAD,clf8,-8.600619,698.711530,150,weekly
WGS7YR,laplace,2.315194,0.013339,150,weekly
WGS7YR,clf8,2.117230,0.014233,150,weekly
GASDESLSW,laplace,2.577879,0.011023,150,weekly
GASDESLSW,clf8,2.345611,0.011116,150,weekly
ADPWINDMANNERSA,laplace,7.921648,0.000058,150,weekly
ADPWINDMANNERSA,clf8,6.944994,0.000266,150,weekly
WLFN,laplace,5.168372,0.000763,150,weekly
WLFN,clf8,5.281594,0.000636,150,weekly
TASACBW027SBOG,laplace,4.282172,0.001856,150,weekly
TASACBW027SBOG,clf8,4.067455,0.002006,150,weekly
WLRRAOL,laplace,-12.124221,27949.300266,150,weekly
WLRRAOL,clf8,-12.291398,29726.228072,150,weekly
LLBSCBW027SBOG,laplace,5.594990,0.000465,150,weekly
LLBSCBW027SBOG,clf8,5.423595,0.000516,150,weekly
BRMCC01,laplace,7.566521,0.000576,150,weekly
BRMCC01,clf8,5.065327,0.000700,150,weekly
WSHOTSA,laplace,5.075061,0.000871,150,weekly
WSHOTSA,clf8,5.455128,0.000620,150,weekly
GASDESMWW,laplace,2.372153,0.013296,150,weekly
GASDESMWW,clf8,2.158133,0.013262,150,weekly
TREAS15,laplace,-11.218030,10034.647744,150,weekly
TREAS15,clf8,-11.325307,9486.629738,150,weekly
WFII5,laplace,1.011817,0.046164,150,weekly
WFII5,clf8,0.824567,0.046625,150,weekly
TREAS5T10,laplace,2.983529,0.007410,150,weekly
TREAS5T10,clf8,4.859077,0.005989,150,weekly
LDGUST,laplace,-12.089809,23449.374787,150,weekly
LDGUST,clf8,-12.239485,22809.068373,150,weekly
TREAS1T5,laplace,3.531002,0.004118,150,weekly
TREAS1T5,clf8,4.925040,0.003447,150,weekly
SAVINGS,laplace,4.236006,0.002095,150,weekly
SAVINGS,clf8,3.921617,0.002154,150,weekly
CASLCBW027NBOG,laplace,1.920258,0.019783,150,weekly
CASLCBW027NBOG,clf8,1.604494,0.019385,150,weekly
HBUSAPPWNSAUS,laplace,0.414321,0.121554,150,weekly
HBUSAPPWNSAUS,clf8,0.641678,0.109044,150,weekly
WPROPANEMBTX,laplace,1.481815,0.029902,150,weekly
WPROPANEMBTX,clf8,1.311579,0.030119,150,weekly
WLCFOCEL,laplace,-3.930207,1087.165086,150,weekly
WLCFOCEL,clf8,-12.757334,44419.440307,150,weekly
BRMALR0102,laplace,4.633278,0.002537,150,weekly
BRMALR0102,clf8,3.610429,0.002819,150,weekly
DPSLCBW027SBOG,laplace,4.351057,0.001759,150,weekly
DPSLCBW027SBOG,clf8,4.179081,0.001706,150,weekly
LNFACBW027NBOG,laplace,3.243037,0.006044,150,weekly
LNFACBW027NBOG,clf8,3.286902,0.005416,150,weekly
WLCFLSECL,laplace,-3.183447,4.330560,150,weekly
WLCFLSECL,clf8,-3.598337,4.061629,150,weekly
BRMUPL01,laplace,5.944869,0.002096,150,weekly
BRMUPL01,clf8,4.140224,0.002451,150,weekly
CILSCBW027SBOG,laplace,4.665313,0.001270,150,weekly
CILSCBW027SBOG,clf8,4.710323,0.001267,150,weekly
WMBSEC,laplace,-8.624345,2656.521986,150,weekly
WMBSEC,clf8,-7.715941,693.964051,150,weekly
WSMTMNS,laplace,4.276886,0.001726,150,weekly
WSMTMNS,clf8,4.218598,0.001677,150,weekly
WLDLCL,laplace,2.960583,0.007653,150,weekly
WLDLCL,clf8,2.661414,0.007819,150,weekly
WTFSRFA,laplace,4.834404,0.001073,150,weekly
WTFSRFA,clf8,4.848186,0.001010,150,weekly
MBST,laplace,-9.857533,4711.006832,150,weekly
MBST,clf8,-7.634972,2064.888208,150,weekly
ADPWNUSNERNSA,laplace,5.629775,0.000485,150,weekly
ADPWNUSNERNSA,clf8,5.596882,0.000502,150,weekly
TOTRA,laplace,4.642576,0.001256,150,weekly
TOTRA,clf8,5.073894,0.000890,150,weekly
BRMSA0104,laplace,7.377232,0.004534,150,weekly
BRMSA0104,clf8,-0.090319,0.179771,150,weekly
WGS6MO,laplace,3.469711,0.005154,150,weekly
WGS6MO,clf8,2.870582,0.006031,150,weekly
RESPPALGUOXCH1NWW,laplace,-10.521205,5526.903878,150,weekly
RESPPALGUOXCH1NWW,clf8,-10.780013,9881.661630,150,weekly
EXCSRESNW,laplace,3.590351,0.017579,150,weekly
EXCSRESNW,clf8,2.551478,0.016229,150,weekly
MOCCLAIMS,laplace,1.202068,0.040574,150,weekly
MOCCLAIMS,clf8,1.050906,0.040832,150,weekly
COMPUTN,laplace,2.745560,0.008698,150,weekly
COMPUTN,clf8,2.541617,0.008291,150,weekly
WTB1YR,laplace,2.880718,0.007810,150,weekly
WTB1YR,clf8,2.661254,0.008012,150,weekly
BRMTG0102,laplace,2.824275,0.007904,150,weekly
BRMTG0102,clf8,2.736314,0.008022,150,weekly
WRESCRT,laplace,4.818585,0.001087,150,weekly
WRESCRT,clf8,4.830702,0.001023,150,weekly
COMPAPER,laplace,1.837348,0.020952,150,weekly
COMPAPER,clf8,1.684553,0.019458,150,weekly
H8B3094NCBA,laplace,2.824061,0.007676,150,weekly
H8B3094NCBA,clf8,2.474072,0.008244,150,weekly
CASLCBW027SBOG,laplace,2.314452,0.012801,150,weekly
CASLCBW027SBOG,clf8,2.094520,0.013254,150,weekly
ABCOMPN,laplace,3.184060,0.005649,150,weekly
ABCOMPN,clf8,3.018646,0.005705,150,weekly
BRMINTCA01,laplace,5.714647,0.033712,150,weekly
BRMINTCA01,clf8,-0.665366,0.182166,150,weekly
WTFORBAFL,laplace,2.317250,0.013168,150,weekly
WTFORBAFL,clf8,2.149907,0.012476,150,weekly
TNMACBW027SBOG,laplace,3.646601,0.003607,150,weekly
TNMACBW027SBOG,clf8,3.497165,0.003584,150,weekly
NFINCP,laplace,1.896524,0.019981,150,weekly
NFINCP,clf8,1.595247,0.019835,150,weekly
FINCPN,laplace,2.303362,0.013364,150,weekly
FINCPN,clf8,2.129097,0.012774,150,weekly
LTDACBW027SBOG,laplace,3.922835,0.002597,150,weekly
LTDACBW027SBOG,clf8,3.785581,0.002679,150,weekly
D4WACBS,laplace,-2.872773,6.011361,150,weekly
D4WACBS,clf8,-3.555797,17.727789,150,weekly
TXICLAIMS,laplace,0.269531,0.106858,150,weekly
TXICLAIMS,clf8,0.450478,0.086122,150,weekly
DPSLCBW027NBOG,laplace,3.627970,0.003496,150,weekly
DPSLCBW027NBOG,clf8,3.586015,0.003108,150,weekly
WRMORTG,laplace,2.743195,0.008633,150,weekly
WRMORTG,clf8,2.567272,0.008592,150,weekly
WIMFSL,laplace,3.164428,0.005917,150,weekly
WIMFSL,clf8,2.464370,0.006460,150,weekly
WSHOICL,laplace,3.799652,0.004649,150,weekly
WSHOICL,clf8,4.571957,0.003177,150,weekly
AOLACBW027SBOG,laplace,3.907365,0.003086,150,weekly
AOLACBW027SBOG,clf8,3.775870,0.002769,150,weekly
WSHONBIIL,laplace,7.214816,0.002926,150,weekly
WSHONBIIL,clf8,4.998814,0.003013,150,weekly
BRMTG0101,laplace,2.702470,0.008914,150,weekly
BRMTG0101,clf8,2.565293,0.009252,150,weekly
ADPWES1T19ENERSA,laplace,6.553405,0.000212,150,weekly
ADPWES1T19ENERSA,clf8,6.454856,0.000232,150,weekly
BOGMBASEW,laplace,4.449584,0.007562,150,weekly
BOGMBASEW,clf8,3.090705,0.007931,150,weekly
MMNRNJ,laplace,5.407086,0.013267,150,weekly
MMNRNJ,clf8,0.637375,0.042965,150,weekly
COVEMP,laplace,10.293177,0.000242,150,weekly
COVEMP,clf8,2.675819,0.007401,150,weekly
FEDDT,laplace,4.251421,0.001726,150,weekly
FEDDT,clf8,16.457814,2.863439,150,weekly
WTB4WK,laplace,3.052405,0.019901,150,weekly
WTB4WK,clf8,3.880674,0.022513,150,weekly
NDFACBW027SBOG,laplace,-4.905276,18.249143,150,weekly
NDFACBW027SBOG,clf8,-5.136883,18.787391,150,weekly
IURNSA,laplace,4.356025,0.024475,150,weekly
IURNSA,clf8,0.976237,0.035954,150,weekly
AOLACBW027NBOG,laplace,3.514754,0.004145,150,weekly
AOLACBW027NBOG,clf8,3.415464,0.003855,150,weekly
WCPN1M,laplace,3.544651,0.005738,150,weekly
WCPN1M,clf8,3.125352,0.006944,150,weekly
FINCP,laplace,2.141375,0.015737,150,weekly
FINCP,clf8,2.014899,0.015445,150,weekly
DCICLAIMS,laplace,0.129834,0.116018,150,weekly
DCICLAIMS,clf8,-0.038273,0.119568,150,weekly
CACCLAIMS,laplace,1.673987,0.025651,150,weekly
CACCLAIMS,clf8,1.605433,0.023496,150,weekly
ALLACBW027SBOG,laplace,4.636279,0.001289,150,weekly
ALLACBW027SBOG,clf8,4.552037,0.001827,150,weekly
RESPPLLOXCH52NWW,laplace,-8.442329,621.505246,150,weekly
RESPPLLOXCH52NWW,clf8,-8.229681,547.726436,150,weekly
WLRRAA,laplace,1.111414,0.044031,150,weekly
WLRRAA,clf8,0.859774,0.042220,150,weekly
WSDONTL,laplace,-9.833091,2552.581547,150,weekly
WSDONTL,clf8,-10.001320,2419.717442,150,weekly
WOFDRBORBL,laplace,1.033857,0.047659,150,weekly
WOFDRBORBL,clf8,0.967739,0.045203,150,weekly
RESPPMLLDONWW,laplace,1.677307,0.027126,150,weekly
RESPPMLLDONWW,clf8,1.696408,0.025718,150,weekly
TASLCBW027SBOG,laplace,4.164609,0.002106,150,weekly
TASLCBW027SBOG,clf8,4.071827,0.002173,150,weekly
WBUSAPPWNSAUS,laplace,0.338185,0.128156,150,weekly
WBUSAPPWNSAUS,clf8,0.423820,0.118888,150,weekly
WCPN3M,laplace,1.958397,0.035308,150,weekly
WCPN3M,clf8,1.968920,0.031242,150,weekly
MMNRJD,laplace,5.324373,0.012495,150,weekly
MMNRJD,clf8,0.896364,0.056763,150,weekly
H8B3092NCBA,laplace,2.103519,0.016507,150,weekly
H8B3092NCBA,clf8,1.876749,0.016973,150,weekly
RESPPNTEPPNWW,laplace,5.184010,0.000749,150,weekly
RESPPNTEPPNWW,clf8,5.197862,0.000690,150,weekly
GASDESGCW,laplace,2.363148,0.013325,150,weekly
GASDESGCW,clf8,2.149414,0.013440,150,weekly
H41RESPPALDKXAWNWW,laplace,-8.459207,1460.711027,150,weekly
H41RESPPALDKXAWNWW,clf8,-9.805872,3611.477098,150,weekly
WRMFSL,laplace,3.896530,0.002836,150,weekly
WRMFSL,clf8,3.207642,0.003404,150,weekly
BRMCDS0102,laplace,5.800727,0.004852,150,weekly
BRMCDS0102,clf8,2.690131,0.006506,150,weekly
PAICLAIMS,laplace,0.483094,0.082676,150,weekly
PAICLAIMS,clf8,0.156094,0.082485,150,weekly
TMBACBW027NBOG,laplace,4.171052,0.002050,150,weekly
TMBACBW027NBOG,clf8,3.979506,0.002216,150,weekly
ADPWINDCONNERSA,laplace,7.034978,0.000139,150,weekly
ADPWINDCONNERSA,clf8,6.395715,0.000160,150,weekly
LLBLCBW027NBOG,laplace,4.623194,0.001281,150,weekly
LLBLCBW027NBOG,clf8,4.537689,0.001149,150,weekly
WLODL,laplace,1.677342,0.027126,150,weekly
WLODL,clf8,1.696408,0.025718,150,weekly
WCTCL,laplace,6.774404,0.000797,150,weekly
WCTCL,clf8,6.424937,0.000733,150,weekly
H8B3094NCBD,laplace,2.499542,0.010877,150,weekly
H8B3094NCBD,clf8,2.155159,0.010759,150,weekly
WSRLL,laplace,4.849788,0.001080,150,weekly
WSRLL,clf8,4.851266,0.001166,150,weekly
GASDESWCW,laplace,2.818265,0.008763,150,weekly
GASDESWCW,clf8,2.538555,0.008701,150,weekly
CASSCBW027SBOG,laplace,2.419233,0.011863,150,weekly
CASSCBW027SBOG,clf8,2.116590,0.012611,150,weekly
RALACBW027SBOG,laplace,3.569092,0.003798,150,weekly
RALACBW027SBOG,clf8,3.383136,0.003860,150,weekly
CARACBW027NBOG,laplace,5.204448,0.000709,150,weekly
CARACBW027NBOG,clf8,4.886420,0.000754,150,weekly
RESBALNSW,laplace,3.818656,0.014884,150,weekly
RESBALNSW,clf8,3.053945,0.013769,150,weekly
CASACBW027NBOG,laplace,2.280800,0.013710,150,weekly
CASACBW027NBOG,clf8,2.043005,0.013239,150,weekly
DPSDCBW027SBOG,laplace,4.577113,0.001396,150,weekly
DPSDCBW027SBOG,clf8,4.393426,0.001309,150,weekly
WOSDRL,laplace,14.342273,0.007152,150,weekly
WOSDRL,clf8,5.830678,0.158871,150,weekly
COICLAIMS,laplace,-7.684259,260.902235,150,weekly
COICLAIMS,clf8,-7.692618,292.468883,150,weekly
OKICLAIMS,laplace,0.182976,0.116753,150,weekly
OKICLAIMS,clf8,0.127354,0.112510,150,weekly
RALACBW027NBOG,laplace,3.753645,0.003098,150,weekly
RALACBW027NBOG,clf8,3.511002,0.003190,150,weekly
LLBLCBW027SBOG,laplace,5.295658,0.000671,150,weekly
LLBLCBW027SBOG,clf8,5.174533,0.000693,150,weekly
SWP15,laplace,-6.618126,137.932656,150,weekly
SWP15,clf8,-5.337973,229.740450,150,weekly
RESPPALGUONNWW,laplace,5.163660,0.001040,150,weekly
RESPPALGUONNWW,clf8,6.239799,0.000803,150,weekly
CARLCBW027SBOG,laplace,5.523494,0.000533,150,weekly
CARLCBW027SBOG,clf8,5.230234,0.000569,150,weekly
BUSAPPWNSANER,laplace,0.440113,0.121953,150,weekly
BUSAPPWNSANER,clf8,0.465411,0.107361,150,weekly
WIMFNS,laplace,3.034122,0.006642,150,weekly
WIMFNS,clf8,2.656434,0.006908,150,weekly
RESPPALDXAWNWW,laplace,-9.539933,2359.308070,150,weekly
RESPPALDXAWNWW,clf8,-9.266562,3082.903296,150,weekly
CASFRIW027SBOG,laplace,1.771910,0.022161,150,weekly
CASFRIW027SBOG,clf8,1.528465,0.022536,150,weekly
BC0SCBW027SBOG,laplace,5.406423,0.000568,150,weekly
BC0SCBW027SBOG,clf8,5.092515,0.000680,150,weekly
WFASECL1,laplace,-8.914384,1008.316558,150,weekly
WFASECL1,clf8,-8.255297,799.341693,150,weekly
RESPPNTNWW,laplace,4.855429,0.001028,150,weekly
RESPPNTNWW,clf8,5.138786,0.000900,150,weekly
WCPF3M,laplace,2.685254,0.007817,150,weekly
WCPF3M,clf8,2.824150,0.006896,150,weekly
H8B3094NSMA,laplace,2.817616,0.007292,150,weekly
H8B3094NSMA,clf8,2.725163,0.007725,150,weekly
BUSAPPWNSAUSYY,laplace,-4.191584,32.041571,150,weekly
BUSAPPWNSAUSYY,clf8,-4.235079,24.347044,150,weekly
LNFLCBW027SBOG,laplace,3.605426,0.003947,150,weekly
LNFLCBW027SBOG,clf8,3.588549,0.003729,150,weekly
H41RESPPAAENWW,laplace,-6.320649,159.852064,150,weekly
H41RESPPAAENWW,clf8,-5.339369,352.691097,150,weekly
RREP15,laplace,1.015390,0.049028,150,weekly
RREP15,clf8,0.666435,0.047904,150,weekly
MIICLAIMS,laplace,-0.195650,0.166703,150,weekly
MIICLAIMS,clf8,-0.341638,0.167896,150,weekly
TASACBW027NBOG,laplace,4.147726,0.002113,150,weekly
TASACBW027NBOG,clf8,4.002380,0.002211,150,weekly
CCLLCBW027NBOG,laplace,3.382087,0.004346,150,weekly
CCLLCBW027NBOG,clf8,3.690456,0.003038,150,weekly
WTFORBAFA,laplace,2.490498,0.010925,150,weekly
WTFORBAFA,clf8,2.398439,0.010187,150,weekly
H41RESPPLLDENWW,laplace,-13.802366,56662.936125,150,weekly
H41RESPPLLDENWW,clf8,-13.012012,49202.868312,150,weekly
TLASCBW027NBOG,laplace,4.484196,0.001466,150,weekly
TLASCBW027NBOG,clf8,4.331159,0.001390,150,weekly
WSHOBA,laplace,-6.105683,1634.002391,150,weekly
WSHOBA,clf8,-8.746590,2421.535294,150,weekly
TERMT,laplace,1.215925,0.036952,150,weekly
TERMT,clf8,10.244303,264.078212,150,weekly
BUSAPPWNSACA,laplace,0.332271,0.125798,150,weekly
BUSAPPWNSACA,clf8,0.185888,0.108269,150,weekly
WOFDRBORBA,laplace,1.312078,0.035498,150,weekly
WOFDRBORBA,clf8,1.163197,0.035056,150,weekly
UTICLAIMS,laplace,0.413741,0.088273,150,weekly
UTICLAIMS,clf8,0.118968,0.088939,150,weekly
WSC,laplace,-1.000196,6.379389,150,weekly
WSC,clf8,-5.126073,22.360499,150,weekly
RESPPLLDTXCH1NWW,laplace,-12.809349,49288.024479,150,weekly
RESPPLLDTXCH1NWW,clf8,-12.784317,40848.681734,150,weekly
MBS15,laplace,6.456139,0.998743,150,weekly
MBS15,clf8,-2.223435,2.687963,150,weekly
DFINCP,laplace,1.751224,0.023586,150,weekly
DFINCP,clf8,1.628350,0.022205,150,weekly
WDFOL,laplace,3.315083,0.037919,150,weekly
WDFOL,clf8,4.644543,0.021421,150,weekly
WCSL,laplace,13.548507,0.000000,150,weekly
WCSL,clf8,7.136178,0.001629,150,weekly
RESPPLLOXCH1NWW,laplace,-8.217789,488.015664,150,weekly
RESPPLLOXCH1NWW,clf8,-9.018385,1847.985474,150,weekly
NYCCLAIMS,laplace,1.637457,0.025897,150,weekly
NYCCLAIMS,clf8,1.897700,0.021621,150,weekly
GASDESRMW,laplace,2.619554,0.009889,150,weekly
GASDESRMW,clf8,2.337054,0.010835,150,weekly
AZICLAIMS,laplace,0.495060,0.080777,150,weekly
AZICLAIMS,clf8,0.517163,0.072507,150,weekly
H1,laplace,2.441283,0.011293,150,m4-hourly
H1,clf8,2.297899,0.010649,150,m4-hourly
H2,laplace,2.695935,0.008911,150,m4-hourly
H2,clf8,2.670245,0.008232,150,m4-hourly
H3,laplace,2.549095,0.010479,150,m4-hourly
H3,clf8,2.374345,0.012059,150,m4-hourly
H4,laplace,2.925887,0.007041,150,m4-hourly
H4,clf8,2.897380,0.005322,150,m4-hourly
H5,laplace,2.821930,0.007794,150,m4-hourly
H5,clf8,2.882896,0.006593,150,m4-hourly
H6,laplace,3.077467,0.006044,150,m4-hourly
H6,clf8,3.012555,0.005889,150,m4-hourly
H7,laplace,3.069696,0.006234,150,m4-hourly
H7,clf8,3.142838,0.005618,150,m4-hourly
H8,laplace,2.935735,0.007122,150,m4-hourly
H8,clf8,3.127239,0.005263,150,m4-hourly
H9,laplace,3.485365,0.004223,150,m4-hourly
H9,clf8,3.565593,0.003218,150,m4-hourly
H10,laplace,2.357078,0.015217,150,m4-hourly
H10,clf8,2.389576,0.013543,150,m4-hourly
H11,laplace,2.757095,0.009132,150,m4-hourly
H11,clf8,3.050512,0.005926,150,m4-hourly
H12,laplace,2.927124,0.007437,150,m4-hourly
H12,clf8,3.027667,0.005950,150,m4-hourly
H13,laplace,1.892311,0.030569,150,m4-hourly
H13,clf8,1.785142,0.029274,150,m4-hourly
H14,laplace,2.578162,0.010425,150,m4-hourly
H14,clf8,2.470689,0.010560,150,m4-hourly
H15,laplace,2.869760,0.007708,150,m4-hourly
H15,clf8,3.134844,0.005482,150,m4-hourly
H16,laplace,2.675939,0.009161,150,m4-hourly
H16,clf8,2.379095,0.014131,150,m4-hourly
H17,laplace,3.571967,0.003932,150,m4-hourly
H17,clf8,3.542202,0.003603,150,m4-hourly
H18,laplace,3.025668,0.006556,150,m4-hourly
H18,clf8,3.160133,0.005172,150,m4-hourly
H19,laplace,2.722069,0.008846,150,m4-hourly
H19,clf8,2.653400,0.008556,150,m4-hourly
H20,laplace,2.507427,0.011126,150,m4-hourly
H20,clf8,2.783390,0.008023,150,m4-hourly
H21,laplace,2.282935,0.013970,150,m4-hourly
H21,clf8,2.990356,0.006421,150,m4-hourly
H22,laplace,3.555969,0.003825,150,m4-hourly
H22,clf8,3.526240,0.003899,150,m4-hourly
H23,laplace,2.358647,0.013019,150,m4-hourly
H23,clf8,2.359414,0.012109,150,m4-hourly
H24,laplace,2.513396,0.010547,150,m4-hourly
H24,clf8,2.293418,0.012736,150,m4-hourly
H25,laplace,3.078943,0.006213,150,m4-hourly
H25,clf8,3.136619,0.005394,150,m4-hourly
H26,laplace,2.804198,0.008082,150,m4-hourly
H26,clf8,2.905555,0.006958,150,m4-hourly
H27,laplace,2.478987,0.011405,150,m4-hourly
H27,clf8,2.361588,0.011184,150,m4-hourly
H28,laplace,2.967678,0.007187,150,m4-hourly
H28,clf8,3.152150,0.004857,150,m4-hourly
H29,laplace,2.662780,0.009276,150,m4-hourly
H29,clf8,2.628653,0.008571,150,m4-hourly
H30,laplace,3.304508,0.005167,150,m4-hourly
H30,clf8,3.435733,0.004009,150,m4-hourly
H31,laplace,3.513435,0.004147,150,m4-hourly
H31,clf8,3.523219,0.003406,150,m4-hourly
H32,laplace,3.539674,0.004072,150,m4-hourly
H32,clf8,3.531227,0.003305,150,m4-hourly
H33,laplace,2.982685,0.006737,150,m4-hourly
H33,clf8,2.954665,0.006897,150,m4-hourly
H34,laplace,3.141836,0.006311,150,m4-hourly
H34,clf8,3.056843,0.007134,150,m4-hourly
H35,laplace,2.820447,0.008061,150,m4-hourly
H35,clf8,2.615655,0.008984,150,m4-hourly
H36,laplace,3.388762,0.005117,150,m4-hourly
H36,clf8,3.458135,0.003798,150,m4-hourly
H37,laplace,2.001449,0.018348,150,m4-hourly
H37,clf8,1.927798,0.018950,150,m4-hourly
H38,laplace,2.776450,0.008536,150,m4-hourly
H38,clf8,3.033745,0.006185,150,m4-hourly
H39,laplace,3.304317,0.005169,150,m4-hourly
H39,clf8,3.429443,0.004053,150,m4-hourly
H40,laplace,2.903055,0.007414,150,m4-hourly
H40,clf8,2.904501,0.007101,150,m4-hourly
H41,laplace,2.450334,0.012175,150,m4-hourly
H41,clf8,2.322061,0.013242,150,m4-hourly
H42,laplace,2.548963,0.011092,150,m4-hourly
H42,clf8,2.042704,0.019468,150,m4-hourly
H43,laplace,2.766847,0.008361,150,m4-hourly
H43,clf8,2.857441,0.007622,150,m4-hourly
H44,laplace,2.680496,0.009585,150,m4-hourly
H44,clf8,2.730860,0.008414,150,m4-hourly
H45,laplace,3.168821,0.005667,150,m4-hourly
H45,clf8,2.960447,0.007271,150,m4-hourly
H46,laplace,2.378593,0.012475,150,m4-hourly
H46,clf8,2.452702,0.012535,150,m4-hourly
H47,laplace,3.158279,0.005722,150,m4-hourly
H47,clf8,2.948376,0.007381,150,m4-hourly
H48,laplace,2.709755,0.009001,150,m4-hourly
H48,clf8,2.776654,0.008202,150,m4-hourly
H49,laplace,3.084790,0.006138,150,m4-hourly
H49,clf8,3.166070,0.004936,150,m4-hourly
H50,laplace,3.484803,0.004221,150,m4-hourly
H50,clf8,3.565277,0.003153,150,m4-hourly
H51,laplace,2.269836,0.013972,150,m4-hourly
H51,clf8,2.416751,0.012571,150,m4-hourly
H52,laplace,2.347875,0.012950,150,m4-hourly
H52,clf8,2.485931,0.010219,150,m4-hourly
H53,laplace,2.425925,0.012644,150,m4-hourly
H53,clf8,2.367605,0.011581,150,m4-hourly
H54,laplace,2.894178,0.007663,150,m4-hourly
H54,clf8,2.981170,0.006341,150,m4-hourly
H55,laplace,2.710077,0.008855,150,m4-hourly
H55,clf8,2.671929,0.009047,150,m4-hourly
H56,laplace,2.895740,0.007391,150,m4-hourly
H56,clf8,3.162654,0.005121,150,m4-hourly
H57,laplace,3.847481,0.003216,150,m4-hourly
H57,clf8,3.781660,0.002678,150,m4-hourly
H58,laplace,1.814999,0.029834,150,m4-hourly
H58,clf8,1.847575,0.035023,150,m4-hourly
H59,laplace,1.880779,0.019845,150,m4-hourly
H59,clf8,1.951517,0.025734,150,m4-hourly
H60,laplace,1.617170,0.025958,150,m4-hourly
H60,clf8,1.343837,0.031673,150,m4-hourly
H61,laplace,1.870685,0.020751,150,m4-hourly
H61,clf8,1.876497,0.020508,150,m4-hourly
H62,laplace,0.308926,0.113558,150,m4-hourly
H62,clf8,0.276144,0.109229,150,m4-hourly
H63,laplace,2.856125,0.007695,150,m4-hourly
H63,clf8,2.675755,0.008301,150,m4-hourly
H64,laplace,1.768590,0.022666,150,m4-hourly
H64,clf8,1.589847,0.023828,150,m4-hourly
H65,laplace,2.220220,0.014523,150,m4-hourly
H65,clf8,1.922672,0.017225,150,m4-hourly
H66,laplace,1.046546,0.077343,150,m4-hourly
H66,clf8,1.415166,0.093064,150,m4-hourly
H67,laplace,2.895814,0.007518,150,m4-hourly
H67,clf8,2.972723,0.006153,150,m4-hourly
H68,laplace,3.273859,0.004998,150,m4-hourly
H68,clf8,3.379021,0.004288,150,m4-hourly
H69,laplace,0.779876,0.062006,150,m4-hourly
H69,clf8,0.746568,0.060114,150,m4-hourly
H70,laplace,2.104298,0.015510,150,m4-hourly
H70,clf8,2.361686,0.011877,150,m4-hourly
H71,laplace,2.416338,0.011857,150,m4-hourly
H71,clf8,2.358080,0.012414,150,m4-hourly
H72,laplace,0.248194,0.111728,150,m4-hourly
H72,clf8,0.579295,0.090533,150,m4-hourly
H73,laplace,0.762788,0.071231,150,m4-hourly
H73,clf8,1.049887,0.060050,150,m4-hourly
H74,laplace,0.581678,0.074239,150,m4-hourly
H74,clf8,0.502170,0.070060,150,m4-hourly
H75,laplace,2.407128,0.012118,150,m4-hourly
H75,clf8,2.473402,0.010585,150,m4-hourly
H76,laplace,0.806317,0.067191,150,m4-hourly
H76,clf8,1.780295,0.051753,150,m4-hourly
H77,laplace,1.289573,0.037526,150,m4-hourly
H77,clf8,1.094885,0.039380,150,m4-hourly
H78,laplace,3.483692,0.004174,150,m4-hourly
H78,clf8,3.494056,0.003859,150,m4-hourly
H79,laplace,2.932368,0.007200,150,m4-hourly
H79,clf8,2.916136,0.006750,150,m4-hourly
H80,laplace,2.645464,0.009533,150,m4-hourly
H80,clf8,2.601053,0.009247,150,m4-hourly
H81,laplace,2.325491,0.013285,150,m4-hourly
H81,clf8,2.397416,0.011439,150,m4-hourly
H82,laplace,2.247577,0.014063,150,m4-hourly
H82,clf8,2.566206,0.009315,150,m4-hourly
H83,laplace,0.262044,0.104298,150,m4-hourly
H83,clf8,0.359733,0.090334,150,m4-hourly
H84,laplace,1.800799,0.028060,150,m4-hourly
H84,clf8,2.809650,0.017153,150,m4-hourly
H85,laplace,1.444797,0.031873,150,m4-hourly
H85,clf8,1.344516,0.030235,150,m4-hourly
H86,laplace,1.209261,0.041506,150,m4-hourly
H86,clf8,1.019846,0.040902,150,m4-hourly
H87,laplace,1.610994,0.032099,150,m4-hourly
H87,clf8,2.577156,0.028904,150,m4-hourly
H88,laplace,2.263812,0.014380,150,m4-hourly
H88,clf8,2.143117,0.014559,150,m4-hourly
H89,laplace,1.647781,0.025718,150,m4-hourly
H89,clf8,1.466739,0.026750,150,m4-hourly
H90,laplace,2.484337,0.011061,150,m4-hourly
H90,clf8,2.413742,0.011276,150,m4-hourly
H91,laplace,2.008837,0.017993,150,m4-hourly
H91,clf8,1.924445,0.019163,150,m4-hourly
H92,laplace,1.827644,0.021646,150,m4-hourly
H92,clf8,1.671394,0.022459,150,m4-hourly
H93,laplace,2.366311,0.012271,150,m4-hourly
H93,clf8,2.300178,0.011971,150,m4-hourly
H94,laplace,3.238365,0.005278,150,m4-hourly
H94,clf8,3.165548,0.004881,150,m4-hourly
H95,laplace,3.222661,0.005297,150,m4-hourly
H95,clf8,3.224955,0.004746,150,m4-hourly
H96,laplace,2.242542,0.014005,150,m4-hourly
H96,clf8,2.058638,0.015569,150,m4-hourly
H97,laplace,2.941815,0.007180,150,m4-hourly
H97,clf8,2.905427,0.007314,150,m4-hourly
H98,laplace,2.343459,0.013879,150,m4-hourly
H98,clf8,2.166232,0.014110,150,m4-hourly
H99,laplace,2.534126,0.010589,150,m4-hourly
H99,clf8,2.486516,0.010577,150,m4-hourly
H100,laplace,1.134295,0.050300,150,m4-hourly
H100,clf8,1.888965,0.036667,150,m4-hourly
H101,laplace,1.686842,0.024532,150,m4-hourly
H101,clf8,1.489726,0.025129,150,m4-hourly
H102,laplace,1.113127,0.044674,150,m4-hourly
H102,clf8,0.989573,0.048900,150,m4-hourly
H103,laplace,3.137433,0.005848,150,m4-hourly
H103,clf8,3.095371,0.005487,150,m4-hourly
H104,laplace,1.923787,0.019389,150,m4-hourly
H104,clf8,1.682071,0.021391,150,m4-hourly
H105,laplace,1.514692,0.030301,150,m4-hourly
H105,clf8,1.304383,0.031378,150,m4-hourly
H106,laplace,2.180679,0.014669,150,m4-hourly
H106,clf8,1.871464,0.022649,150,m4-hourly
H107,laplace,2.717187,0.008914,150,m4-hourly
H107,clf8,2.709156,0.008353,150,m4-hourly
H108,laplace,0.371455,0.090993,150,m4-hourly
H108,clf8,0.294736,0.088611,150,m4-hourly
H109,laplace,3.034886,0.006389,150,m4-hourly
H109,clf8,2.905683,0.006686,150,m4-hourly
H110,laplace,3.043032,0.006390,150,m4-hourly
H110,clf8,2.871684,0.006906,150,m4-hourly
H111,laplace,1.435121,0.030960,150,m4-hourly
H111,clf8,1.535641,0.031397,150,m4-hourly
H112,laplace,1.909853,0.019901,150,m4-hourly
H112,clf8,1.844535,0.020768,150,m4-hourly
H113,laplace,2.795167,0.008113,150,m4-hourly
H113,clf8,2.748470,0.008668,150,m4-hourly
H114,laplace,3.211295,0.005316,150,m4-hourly
H114,clf8,3.353912,0.004514,150,m4-hourly
H115,laplace,1.885233,0.022119,150,m4-hourly
H115,clf8,1.675402,0.024104,150,m4-hourly
H116,laplace,2.307828,0.013584,150,m4-hourly
H116,clf8,2.312358,0.012153,150,m4-hourly
H117,laplace,1.649483,0.025436,150,m4-hourly
H117,clf8,1.620613,0.025666,150,m4-hourly
H118,laplace,1.482496,0.029360,150,m4-hourly
H118,clf8,1.520537,0.028953,150,m4-hourly
H119,laplace,0.199178,0.126490,150,m4-hourly
H119,clf8,0.471483,0.106005,150,m4-hourly
H120,laplace,2.782154,0.008309,150,m4-hourly
H120,clf8,2.738368,0.008376,150,m4-hourly
H121,laplace,3.844713,0.003231,150,m4-hourly
H121,clf8,3.735645,0.002716,150,m4-hourly
H122,laplace,2.203060,0.017322,150,m4-hourly
H122,clf8,1.773152,0.017167,150,m4-hourly
H123,laplace,0.858472,0.056700,150,m4-hourly
H123,clf8,0.535289,0.061804,150,m4-hourly
H124,laplace,-0.613074,0.259198,150,m4-hourly
H124,clf8,-0.149792,0.174647,150,m4-hourly
H125,laplace,-0.267420,0.173720,150,m4-hourly
H125,clf8,-0.004418,0.139045,150,m4-hourly
H126,laplace,0.000472,0.141971,150,m4-hourly
H126,clf8,0.228445,0.120886,150,m4-hourly
H127,laplace,0.013752,0.139805,150,m4-hourly
H127,clf8,0.232147,0.113285,150,m4-hourly
H128,laplace,-0.342364,0.194470,150,m4-hourly
H128,clf8,-0.215728,0.168928,150,m4-hourly
H129,laplace,-0.151715,0.163220,150,m4-hourly
H129,clf8,0.203832,0.103206,150,m4-hourly
H130,laplace,-1.303277,0.490603,150,m4-hourly
H130,clf8,-1.277029,0.387099,150,m4-hourly
H131,laplace,-0.395104,0.226327,150,m4-hourly
H131,clf8,-0.628491,0.232640,150,m4-hourly
H132,laplace,-0.558045,0.253018,150,m4-hourly
H132,clf8,-0.310956,0.210735,150,m4-hourly
H133,laplace,-0.504677,0.234942,150,m4-hourly
H133,clf8,-0.367719,0.191344,150,m4-hourly
H134,laplace,-0.388977,0.221667,150,m4-hourly
H134,clf8,-0.684568,0.235265,150,m4-hourly
H135,laplace,-0.391823,0.195709,150,m4-hourly
H135,clf8,-0.444892,0.192301,150,m4-hourly
H136,laplace,-0.430979,0.224326,150,m4-hourly
H136,clf8,-0.096062,0.154286,150,m4-hourly
H137,laplace,-0.204539,0.165302,150,m4-hourly
H137,clf8,0.102276,0.122501,150,m4-hourly
H138,laplace,-0.022474,0.146644,150,m4-hourly
H138,clf8,0.182302,0.120269,150,m4-hourly
H139,laplace,-0.180561,0.167226,150,m4-hourly
H139,clf8,-0.070516,0.152396,150,m4-hourly
H140,laplace,-0.436297,0.215132,150,m4-hourly
H140,clf8,-0.140132,0.176851,150,m4-hourly
H141,laplace,-0.327769,0.197001,150,m4-hourly
H141,clf8,-0.167416,0.158000,150,m4-hourly
H142,laplace,-0.079416,0.153349,150,m4-hourly
H142,clf8,-0.261155,0.155133,150,m4-hourly
H143,laplace,-0.238973,0.173649,150,m4-hourly
H143,clf8,-0.325906,0.168433,150,m4-hourly
H144,laplace,-0.074959,0.149813,150,m4-hourly
H144,clf8,-0.077140,0.147098,150,m4-hourly
H145,laplace,0.172719,0.120538,150,m4-hourly
H145,clf8,0.417735,0.099122,150,m4-hourly
H146,laplace,-0.251462,0.174235,150,m4-hourly
H146,clf8,-0.232646,0.178344,150,m4-hourly
H147,laplace,0.034733,0.139260,150,m4-hourly
H147,clf8,0.163394,0.127336,150,m4-hourly
H148,laplace,-0.472690,0.223575,150,m4-hourly
H148,clf8,-0.596073,0.242406,150,m4-hourly
H149,laplace,0.099937,0.120823,150,m4-hourly
H149,clf8,0.077059,0.121514,150,m4-hourly
H150,laplace,-0.020914,0.135832,150,m4-hourly
H150,clf8,-0.175125,0.140802,150,m4-hourly
H151,laplace,-0.205652,0.168263,150,m4-hourly
H151,clf8,-0.204124,0.155330,150,m4-hourly
H152,laplace,-0.257382,0.175647,150,m4-hourly
H152,clf8,-0.408861,0.185833,150,m4-hourly
H153,laplace,-0.119598,0.157871,150,m4-hourly
H153,clf8,0.124651,0.124196,150,m4-hourly
H154,laplace,-0.187411,0.161810,150,m4-hourly
H154,clf8,-0.146418,0.147604,150,m4-hourly
H155,laplace,-0.069926,0.144037,150,m4-hourly
H155,clf8,-0.123436,0.143347,150,m4-hourly
H156,laplace,-0.226644,0.167677,150,m4-hourly
H156,clf8,-0.229643,0.166918,150,m4-hourly
H157,laplace,-0.287092,0.178103,150,m4-hourly
H157,clf8,-0.402102,0.177779,150,m4-hourly
H158,laplace,0.016812,0.141053,150,m4-hourly
H158,clf8,0.186370,0.120031,150,m4-hourly
H159,laplace,-0.385953,0.201664,150,m4-hourly
H159,clf8,-0.145426,0.162907,150,m4-hourly
H160,laplace,-0.232949,0.167804,150,m4-hourly
H160,clf8,-0.234135,0.156637,150,m4-hourly
H161,laplace,0.073740,0.128717,150,m4-hourly
H161,clf8,0.325067,0.102778,150,m4-hourly
H162,laplace,-0.607269,0.243825,150,m4-hourly
H162,clf8,-0.409678,0.195597,150,m4-hourly
H163,laplace,-0.414241,0.200636,150,m4-hourly
H163,clf8,-0.158770,0.159036,150,m4-hourly
H164,laplace,0.007054,0.141551,150,m4-hourly
H164,clf8,0.461085,0.094779,150,m4-hourly
H165,laplace,-0.418686,0.201020,150,m4-hourly
H165,clf8,-0.224435,0.165990,150,m4-hourly
H166,laplace,-0.191548,0.163951,150,m4-hourly
H166,clf8,-0.074991,0.155049,150,m4-hourly
H167,laplace,-0.089556,0.146144,150,m4-hourly
H167,clf8,0.019112,0.129462,150,m4-hourly
H168,laplace,-0.095249,0.152118,150,m4-hourly
H168,clf8,0.150825,0.112258,150,m4-hourly
H169,laplace,-0.192437,0.162837,150,m4-hourly
H169,clf8,-0.037700,0.143750,150,m4-hourly
H170,laplace,4.135439,0.002163,150,m4-hourly
H170,clf8,3.605802,0.003395,150,m4-hourly
H171,laplace,2.449599,0.011687,150,m4-hourly
H171,clf8,3.536471,0.003760,150,m4-hourly
H172,laplace,4.168163,0.002151,150,m4-hourly
H172,clf8,3.695494,0.003392,150,m4-hourly
H173,laplace,4.097264,0.002175,150,m4-hourly
H173,clf8,3.623572,0.003485,150,m4-hourly
H174,laplace,2.438681,0.012795,150,m4-hourly
H174,clf8,3.544885,0.003927,150,m4-hourly
H175,laplace,4.100137,0.002309,150,m4-hourly
H175,clf8,3.430356,0.004624,150,m4-hourly
H176,laplace,4.289398,0.001951,150,m4-hourly
H176,clf8,3.750019,0.002826,150,m4-hourly
H177,laplace,4.064837,0.002307,150,m4-hourly
H177,clf8,3.523733,0.003430,150,m4-hourly
H178,laplace,4.375831,0.001818,150,m4-hourly
H178,clf8,3.593774,0.003450,150,m4-hourly
H179,laplace,4.437650,0.001712,150,m4-hourly
H179,clf8,3.685261,0.003149,150,m4-hourly
H180,laplace,4.366814,0.001795,150,m4-hourly
H180,clf8,3.575738,0.003716,150,m4-hourly
H181,laplace,4.132063,0.002248,150,m4-hourly
H181,clf8,3.258873,0.005665,150,m4-hourly
H182,laplace,4.347840,0.001607,150,m4-hourly
H182,clf8,4.141409,0.002901,150,m4-hourly
H183,laplace,4.104042,0.002349,150,m4-hourly
H183,clf8,3.385215,0.005203,150,m4-hourly
H184,laplace,4.098091,0.002308,150,m4-hourly
H184,clf8,3.534867,0.004110,150,m4-hourly
H185,laplace,4.197814,0.002092,150,m4-hourly
H185,clf8,3.577098,0.003735,150,m4-hourly
H186,laplace,4.168428,0.002126,150,m4-hourly
H186,clf8,3.932696,0.002504,150,m4-hourly
H187,laplace,3.804164,0.001961,150,m4-hourly
H187,clf8,4.940732,0.002128,150,m4-hourly
H188,laplace,4.214944,0.002048,150,m4-hourly
H188,clf8,3.807204,0.002972,150,m4-hourly
H189,laplace,4.427748,0.001724,150,m4-hourly
H189,clf8,3.808511,0.002747,150,m4-hourly
H190,laplace,4.332642,0.001880,150,m4-hourly
H190,clf8,3.522536,0.003573,150,m4-hourly
H191,laplace,4.163951,0.002156,150,m4-hourly
H191,clf8,3.472596,0.003776,150,m4-hourly
H192,laplace,4.240674,0.002040,150,m4-hourly
H192,clf8,3.242578,0.005649,150,m4-hourly
H193,laplace,4.136238,0.002213,150,m4-hourly
H193,clf8,3.742349,0.003106,150,m4-hourly
H194,laplace,4.252209,0.001962,150,m4-hourly
H194,clf8,3.786998,0.002840,150,m4-hourly
H195,laplace,4.316415,0.001900,150,m4-hourly
H195,clf8,3.743426,0.002965,150,m4-hourly
H196,laplace,3.951575,0.002458,150,m4-hourly
H196,clf8,3.471706,0.004838,150,m4-hourly
H197,laplace,4.416423,0.001749,150,m4-hourly
H197,clf8,3.683947,0.003365,150,m4-hourly
H198,laplace,4.482563,0.001643,150,m4-hourly
H198,clf8,3.678824,0.003350,150,m4-hourly
H199,laplace,4.282739,0.001906,150,m4-hourly
H199,clf8,3.702965,0.003043,150,m4-hourly
H200,laplace,4.365657,0.001812,150,m4-hourly
H200,clf8,3.511169,0.003698,150,m4-hourly
H201,laplace,4.340865,0.001859,150,m4-hourly
H201,clf8,3.627000,0.003253,150,m4-hourly
H202,laplace,2.760476,0.008835,150,m4-hourly
H202,clf8,3.722643,0.003104,150,m4-hourly
H203,laplace,4.251583,0.001998,150,m4-hourly
H203,clf8,3.451644,0.004174,150,m4-hourly
H204,laplace,4.197065,0.002097,150,m4-hourly
H204,clf8,3.632266,0.003346,150,m4-hourly
H205,laplace,4.187572,0.002061,150,m4-hourly
H205,clf8,3.412254,0.005057,150,m4-hourly
H206,laplace,4.345771,0.001832,150,m4-hourly
H206,clf8,3.673813,0.002865,150,m4-hourly
H207,laplace,3.986487,0.002145,150,m4-hourly
H207,clf8,3.474671,0.004219,150,m4-hourly
H208,laplace,4.102318,0.002232,150,m4-hourly
H208,clf8,3.463329,0.003954,150,m4-hourly
H209,laplace,4.330626,0.001829,150,m4-hourly
H209,clf8,3.134931,0.006076,150,m4-hourly
H210,laplace,4.377232,0.001832,150,m4-hourly
H210,clf8,3.533304,0.003706,150,m4-hourly
H211,laplace,4.379197,0.001754,150,m4-hourly
H211,clf8,3.477789,0.003753,150,m4-hourly
H212,laplace,4.321819,0.001895,150,m4-hourly
H212,clf8,3.746599,0.003240,150,m4-hourly
H213,laplace,4.261037,0.002047,150,m4-hourly
H213,clf8,3.524625,0.003903,150,m4-hourly
H214,laplace,4.228179,0.002063,150,m4-hourly
H214,clf8,3.671254,0.003082,150,m4-hourly
H215,laplace,4.186988,0.002125,150,m4-hourly
H215,clf8,3.559954,0.004389,150,m4-hourly
H216,laplace,4.360970,0.001860,150,m4-hourly
H216,clf8,3.598743,0.003481,150,m4-hourly
H217,laplace,4.141779,0.002204,150,m4-hourly
H217,clf8,3.728511,0.003259,150,m4-hourly
H218,laplace,4.357907,0.001859,150,m4-hourly
H218,clf8,3.575173,0.003877,150,m4-hourly
H219,laplace,3.967880,0.002574,150,m4-hourly
H219,clf8,3.546389,0.003532,150,m4-hourly
H220,laplace,4.266606,0.001972,150,m4-hourly
H220,clf8,3.463642,0.003636,150,m4-hourly
H221,laplace,4.298038,0.001955,150,m4-hourly
H221,clf8,3.651960,0.003645,150,m4-hourly
H222,laplace,1.546873,0.034887,150,m4-hourly
H222,clf8,2.938058,0.015775,150,m4-hourly
H223,laplace,1.754586,0.029912,150,m4-hourly
H223,clf8,3.609641,0.007903,150,m4-hourly
H224,laplace,2.105056,0.016127,150,m4-hourly
H224,clf8,3.353039,0.003981,150,m4-hourly
H225,laplace,3.969833,0.002283,150,m4-hourly
H225,clf8,3.268285,0.004761,150,m4-hourly
H226,laplace,4.122698,0.002288,150,m4-hourly
H226,clf8,3.492730,0.003792,150,m4-hourly
H227,laplace,4.080638,0.002182,150,m4-hourly
H227,clf8,3.733332,0.003160,150,m4-hourly
H228,laplace,2.941298,0.008433,150,m4-hourly
H228,clf8,3.494301,0.004076,150,m4-hourly
H229,laplace,4.531088,0.001587,150,m4-hourly
H229,clf8,3.557144,0.003496,150,m4-hourly
H230,laplace,2.471531,0.011452,150,m4-hourly
H230,clf8,3.623202,0.003175,150,m4-hourly
H231,laplace,4.277984,0.001944,150,m4-hourly
H231,clf8,3.530470,0.003661,150,m4-hourly
H232,laplace,4.478957,0.001619,150,m4-hourly
H232,clf8,3.614964,0.003297,150,m4-hourly
H233,laplace,4.011823,0.002501,150,m4-hourly
H233,clf8,3.394012,0.004984,150,m4-hourly
H234,laplace,4.135884,0.002267,150,m4-hourly
H234,clf8,3.514461,0.004893,150,m4-hourly
H235,laplace,4.189214,0.002150,150,m4-hourly
H235,clf8,3.348860,0.004536,150,m4-hourly
H236,laplace,4.304763,0.001909,150,m4-hourly
H236,clf8,3.655607,0.003040,150,m4-hourly
H237,laplace,3.841163,0.002865,150,m4-hourly
H237,clf8,3.007841,0.005897,150,m4-hourly
H238,laplace,4.159791,0.002138,150,m4-hourly
H238,clf8,3.415769,0.003976,150,m4-hourly
H239,laplace,4.173978,0.002134,150,m4-hourly
H239,clf8,3.601229,0.003250,150,m4-hourly
H240,laplace,1.457527,0.039135,150,m4-hourly
H240,clf8,3.129711,0.015275,150,m4-hourly
H241,laplace,4.720465,0.001320,150,m4-hourly
H241,clf8,3.851619,0.004608,150,m4-hourly
H242,laplace,3.995241,0.002483,150,m4-hourly
H242,clf8,3.323416,0.003939,150,m4-hourly
H243,laplace,4.195330,0.002028,150,m4-hourly
H243,clf8,3.675730,0.003358,150,m4-hourly
H244,laplace,1.987496,0.022253,150,m4-hourly
H244,clf8,3.899959,0.003604,150,m4-hourly
H245,laplace,4.574877,0.001529,150,m4-hourly
H245,clf8,3.693035,0.003309,150,m4-hourly
H246,laplace,4.429511,0.001760,150,m4-hourly
H246,clf8,3.898791,0.002552,150,m4-hourly
H247,laplace,2.168239,0.015980,150,m4-hourly
H247,clf8,3.237243,0.004424,150,m4-hourly
H248,laplace,2.516383,0.011269,150,m4-hourly
H248,clf8,3.614304,0.003466,150,m4-hourly
H249,laplace,2.206689,0.016249,150,m4-hourly
H249,clf8,3.341845,0.004312,150,m4-hourly
H250,laplace,4.170369,0.002161,150,m4-hourly
H250,clf8,3.710153,0.003142,150,m4-hourly
H251,laplace,4.467837,0.001663,150,m4-hourly
H251,clf8,3.960689,0.002451,150,m4-hourly
H252,laplace,4.398563,0.001763,150,m4-hourly
H252,clf8,3.742785,0.002942,150,m4-hourly
H253,laplace,4.533674,0.001549,150,m4-hourly
H253,clf8,3.512781,0.004095,150,m4-hourly
H254,laplace,3.625757,0.005748,150,m4-hourly
H254,clf8,4.264275,0.002521,150,m4-hourly
H255,laplace,2.182939,0.015303,150,m4-hourly
H255,clf8,3.336264,0.004333,150,m4-hourly
H256,laplace,4.018298,0.002504,150,m4-hourly
H256,clf8,3.302432,0.005347,150,m4-hourly
H257,laplace,4.275705,0.001973,150,m4-hourly
H257,clf8,3.629423,0.003793,150,m4-hourly
H258,laplace,4.250700,0.001999,150,m4-hourly
H258,clf8,3.702020,0.003136,150,m4-hourly
H259,laplace,4.200579,0.002050,150,m4-hourly
H259,clf8,3.679061,0.003215,150,m4-hourly
H260,laplace,4.196163,0.002108,150,m4-hourly
H260,clf8,3.767783,0.003168,150,m4-hourly
H261,laplace,1.982891,0.018357,150,m4-hourly
H261,clf8,3.182694,0.005607,150,m4-hourly
H262,laplace,4.105955,0.002396,150,m4-hourly
H262,clf8,3.342674,0.005143,150,m4-hourly
H263,laplace,4.534277,0.001561,150,m4-hourly
H263,clf8,3.049188,0.006014,150,m4-hourly
H264,laplace,4.276677,0.001930,150,m4-hourly
H264,clf8,3.862854,0.003234,150,m4-hourly
H265,laplace,4.242668,0.002002,150,m4-hourly
H265,clf8,3.156193,0.005749,150,m4-hourly
H266,laplace,3.924108,0.002658,150,m4-hourly
H266,clf8,4.319774,0.002800,150,m4-hourly
H267,laplace,2.204631,0.015058,150,m4-hourly
H267,clf8,3.158528,0.005244,150,m4-hourly
H268,laplace,2.042661,0.017486,150,m4-hourly
H268,clf8,3.470945,0.003988,150,m4-hourly
H269,laplace,4.475332,0.001591,150,m4-hourly
H269,clf8,3.805839,0.003775,150,m4-hourly
H270,laplace,4.053775,0.002368,150,m4-hourly
H270,clf8,3.569607,0.003348,150,m4-hourly
H271,laplace,1.997397,0.017980,150,m4-hourly
H271,clf8,3.516167,0.005504,150,m4-hourly
H272,laplace,1.968091,0.019382,150,m4-hourly
H272,clf8,3.260782,0.007360,150,m4-hourly
H273,laplace,3.978993,0.002402,150,m4-hourly
H273,clf8,3.675300,0.002996,150,m4-hourly
H274,laplace,3.966791,0.002339,150,m4-hourly
H274,clf8,3.599717,0.004274,150,m4-hourly
H275,laplace,4.138795,0.002275,150,m4-hourly
H275,clf8,3.510222,0.005308,150,m4-hourly
H276,laplace,4.251335,0.002084,150,m4-hourly
H276,clf8,3.293385,0.004490,150,m4-hourly
H277,laplace,4.109115,0.002331,150,m4-hourly
H277,clf8,3.498157,0.004487,150,m4-hourly
H278,laplace,4.159600,0.002209,150,m4-hourly
H278,clf8,3.386143,0.004307,150,m4-hourly
H279,laplace,4.256817,0.002045,150,m4-hourly
H279,clf8,3.618290,0.003179,150,m4-hourly
H280,laplace,4.214148,0.002100,150,m4-hourly
H280,clf8,3.677992,0.003496,150,m4-hourly
H281,laplace,4.166877,0.002107,150,m4-hourly
H281,clf8,3.634491,0.003216,150,m4-hourly
H282,laplace,4.036871,0.002384,150,m4-hourly
H282,clf8,3.523577,0.003411,150,m4-hourly
H283,laplace,4.082871,0.002285,150,m4-hourly
H283,clf8,3.521556,0.003733,150,m4-hourly
H284,laplace,4.190878,0.002132,150,m4-hourly
H284,clf8,3.464219,0.004092,150,m4-hourly
H285,laplace,4.232012,0.002013,150,m4-hourly
H285,clf8,3.385237,0.004571,150,m4-hourly
H286,laplace,3.966878,0.002635,150,m4-hourly
H286,clf8,3.294934,0.005241,150,m4-hourly
H287,laplace,3.958283,0.002667,150,m4-hourly
H287,clf8,3.046260,0.005585,150,m4-hourly
H288,laplace,4.133815,0.002209,150,m4-hourly
H288,clf8,3.308213,0.004495,150,m4-hourly
H289,laplace,1.820435,0.025552,150,m4-hourly
H289,clf8,2.960952,0.007696,150,m4-hourly
H290,laplace,4.149548,0.002163,150,m4-hourly
H290,clf8,3.336844,0.004430,150,m4-hourly
H291,laplace,4.414093,0.001721,150,m4-hourly
H291,clf8,3.411854,0.004619,150,m4-hourly
H292,laplace,4.241469,0.002050,150,m4-hourly
H292,clf8,3.524989,0.004056,150,m4-hourly
H293,laplace,4.400070,0.001802,150,m4-hourly
H293,clf8,3.679830,0.003363,150,m4-hourly
H294,laplace,4.367921,0.001859,150,m4-hourly
H294,clf8,3.526690,0.003662,150,m4-hourly
H295,laplace,4.332911,0.001872,150,m4-hourly
H295,clf8,3.444123,0.004060,150,m4-hourly
H296,laplace,4.195866,0.002054,150,m4-hourly
H296,clf8,3.519734,0.003647,150,m4-hourly
H297,laplace,4.313333,0.001873,150,m4-hourly
H297,clf8,3.584921,0.003620,150,m4-hourly
H298,laplace,4.406307,0.001727,150,m4-hourly
H298,clf8,3.613577,0.003672,150,m4-hourly
H299,laplace,4.247160,0.002023,150,m4-hourly
H299,clf8,3.599991,0.003624,150,m4-hourly
H300,laplace,4.208266,0.002082,150,m4-hourly
H300,clf8,3.726580,0.003596,150,m4-hourly
H301,laplace,4.194550,0.002132,150,m4-hourly
H301,clf8,3.482685,0.003974,150,m4-hourly
H302,laplace,4.062475,0.002364,150,m4-hourly
H302,clf8,3.570607,0.003497,150,m4-hourly
H303,laplace,4.292338,0.001934,150,m4-hourly
H303,clf8,3.270893,0.006346,150,m4-hourly
H304,laplace,4.352353,0.001816,150,m4-hourly
H304,clf8,3.689453,0.003035,150,m4-hourly
H305,laplace,4.283819,0.001911,150,m4-hourly
H305,clf8,3.607537,0.003632,150,m4-hourly
H306,laplace,4.399491,0.001704,150,m4-hourly
H306,clf8,3.645309,0.003463,150,m4-hourly
H307,laplace,4.321420,0.001885,150,m4-hourly
H307,clf8,3.548106,0.003820,150,m4-hourly
H308,laplace,4.245706,0.001966,150,m4-hourly
H308,clf8,3.611506,0.003505,150,m4-hourly
H309,laplace,4.444057,0.001661,150,m4-hourly
H309,clf8,3.717227,0.003115,150,m4-hourly
H310,laplace,4.238257,0.002001,150,m4-hourly
H310,clf8,3.604540,0.003414,150,m4-hourly
H311,laplace,4.279583,0.001975,150,m4-hourly
H311,clf8,3.977734,0.002352,150,m4-hourly
H312,laplace,4.292068,0.001926,150,m4-hourly
H312,clf8,3.359539,0.004527,150,m4-hourly
H313,laplace,4.421608,0.001713,150,m4-hourly
H313,clf8,3.244437,0.005449,150,m4-hourly
H314,laplace,4.155417,0.002137,150,m4-hourly
H314,clf8,2.978312,0.006836,150,m4-hourly
H315,laplace,4.025466,0.002418,150,m4-hourly
H315,clf8,3.624906,0.004908,150,m4-hourly
H316,laplace,4.324430,0.001891,150,m4-hourly
H316,clf8,3.121703,0.005602,150,m4-hourly
H317,laplace,4.256795,0.001958,150,m4-hourly
H317,clf8,3.308446,0.005110,150,m4-hourly
H318,laplace,4.277011,0.001954,150,m4-hourly
H318,clf8,3.588366,0.003609,150,m4-hourly
H319,laplace,4.154262,0.002152,150,m4-hourly
H319,clf8,3.360866,0.004868,150,m4-hourly
H320,laplace,4.367658,0.001849,150,m4-hourly
H320,clf8,3.601647,0.003896,150,m4-hourly
H321,laplace,3.959406,0.002304,150,m4-hourly
H321,clf8,4.092570,0.003605,150,m4-hourly
H322,laplace,4.482963,0.001639,150,m4-hourly
H322,clf8,3.232705,0.004621,150,m4-hourly
H323,laplace,4.473138,0.001651,150,m4-hourly
H323,clf8,3.787432,0.003091,150,m4-hourly
H324,laplace,4.345811,0.001852,150,m4-hourly
H324,clf8,3.608581,0.003314,150,m4-hourly
H325,laplace,2.243518,0.014226,150,m4-hourly
H325,clf8,3.443416,0.003847,150,m4-hourly
H326,laplace,4.116190,0.002283,150,m4-hourly
H326,clf8,3.210839,0.005305,150,m4-hourly
H327,laplace,4.504468,0.001603,150,m4-hourly
H327,clf8,3.694980,0.003123,150,m4-hourly
H328,laplace,4.162954,0.002142,150,m4-hourly
H328,clf8,3.686064,0.003430,150,m4-hourly
H329,laplace,0.040505,0.128693,150,m4-hourly
H329,clf8,-0.205058,0.139868,150,m4-hourly
H330,laplace,-0.057329,0.141271,150,m4-hourly
H330,clf8,-0.240163,0.149080,150,m4-hourly
H331,laplace,-0.025173,0.143473,150,m4-hourly
H331,clf8,-0.294832,0.149220,150,m4-hourly
H332,laplace,0.182165,0.116814,150,m4-hourly
H332,clf8,0.202212,0.100549,150,m4-hourly
H333,laplace,-0.050372,0.140258,150,m4-hourly
H333,clf8,0.093149,0.133455,150,m4-hourly
H334,laplace,-0.041797,0.140307,150,m4-hourly
H334,clf8,-0.004185,0.131736,150,m4-hourly
H335,laplace,0.028971,0.130282,150,m4-hourly
H335,clf8,-0.023270,0.128266,150,m4-hourly
H336,laplace,-0.147376,0.161121,150,m4-hourly
H336,clf8,-0.451541,0.168118,150,m4-hourly
H337,laplace,-0.317002,0.180054,150,m4-hourly
H337,clf8,-0.178402,0.163272,150,m4-hourly
H338,laplace,-0.194087,0.158951,150,m4-hourly
H338,clf8,-0.279085,0.149501,150,m4-hourly
H339,laplace,-0.137028,0.154333,150,m4-hourly
H339,clf8,-0.456862,0.157355,150,m4-hourly
H340,laplace,-0.045352,0.142371,150,m4-hourly
H340,clf8,-0.261975,0.140552,150,m4-hourly
H341,laplace,-0.041587,0.143178,150,m4-hourly
H341,clf8,-0.031705,0.135529,150,m4-hourly
H342,laplace,0.048978,0.126777,150,m4-hourly
H342,clf8,-0.073737,0.133349,150,m4-hourly
H343,laplace,-0.038945,0.140311,150,m4-hourly
H343,clf8,-0.285351,0.151065,150,m4-hourly
H344,laplace,-0.099174,0.146929,150,m4-hourly
H344,clf8,-0.266524,0.153720,150,m4-hourly
H345,laplace,-0.181329,0.161843,150,m4-hourly
H345,clf8,-0.270859,0.145308,150,m4-hourly
H346,laplace,-0.082206,0.146357,150,m4-hourly
H346,clf8,-0.407534,0.136064,150,m4-hourly
H347,laplace,0.105012,0.119095,150,m4-hourly
H347,clf8,0.045012,0.115674,150,m4-hourly
H348,laplace,0.111902,0.117487,150,m4-hourly
H348,clf8,-0.023573,0.121702,150,m4-hourly
H349,laplace,-0.141927,0.152958,150,m4-hourly
H349,clf8,-0.133289,0.140385,150,m4-hourly
H350,laplace,0.154199,0.115669,150,m4-hourly
H350,clf8,0.090043,0.106565,150,m4-hourly
H351,laplace,-0.151813,0.153406,150,m4-hourly
H351,clf8,-0.293453,0.153514,150,m4-hourly
H352,laplace,0.039883,0.128360,150,m4-hourly
H352,clf8,0.291124,0.105140,150,m4-hourly
H353,laplace,0.247466,0.104810,150,m4-hourly
H353,clf8,-0.014506,0.102920,150,m4-hourly
H354,laplace,-0.017220,0.136371,150,m4-hourly
H354,clf8,-0.103796,0.132454,150,m4-hourly
H355,laplace,-0.129762,0.152863,150,m4-hourly
H355,clf8,0.010041,0.135937,150,m4-hourly
H356,laplace,-0.075432,0.147560,150,m4-hourly
H356,clf8,-0.106777,0.134826,150,m4-hourly
H357,laplace,-0.191260,0.164374,150,m4-hourly
H357,clf8,-0.436334,0.166416,150,m4-hourly
H358,laplace,0.107271,0.118592,150,m4-hourly
H358,clf8,0.004201,0.113732,150,m4-hourly
H359,laplace,-0.132690,0.153088,150,m4-hourly
H359,clf8,-0.210237,0.157307,150,m4-hourly
H360,laplace,-0.046399,0.137523,150,m4-hourly
H360,clf8,-0.214368,0.147590,150,m4-hourly
H361,laplace,-0.009970,0.134417,150,m4-hourly
H361,clf8,-0.092749,0.138169,150,m4-hourly
H362,laplace,0.046398,0.126300,150,m4-hourly
H362,clf8,0.126581,0.114208,150,m4-hourly
H363,laplace,0.076719,0.128177,150,m4-hourly
H363,clf8,0.068304,0.118072,150,m4-hourly
H364,laplace,0.026202,0.135697,150,m4-hourly
H364,clf8,-0.223183,0.134107,150,m4-hourly
H365,laplace,0.071119,0.127548,150,m4-hourly
H365,clf8,-0.032293,0.138608,150,m4-hourly
H366,laplace,-0.267698,0.176130,150,m4-hourly
H366,clf8,-0.231036,0.157511,150,m4-hourly
H367,laplace,-0.076314,0.146407,150,m4-hourly
H367,clf8,-0.236447,0.151340,150,m4-hourly
H368,laplace,0.087947,0.123062,150,m4-hourly
H368,clf8,-0.028732,0.122214,150,m4-hourly
H369,laplace,-0.081754,0.144134,150,m4-hourly
H369,clf8,0.098039,0.132521,150,m4-hourly
H370,laplace,-0.210107,0.174364,150,m4-hourly
H370,clf8,0.082360,0.132997,150,m4-hourly
H371,laplace,-0.176896,0.157534,150,m4-hourly
H371,clf8,-0.457200,0.172642,150,m4-hourly
H372,laplace,-0.090891,0.149069,150,m4-hourly
H372,clf8,-0.164326,0.148477,150,m4-hourly
H373,laplace,0.157763,0.115296,150,m4-hourly
H373,clf8,0.137663,0.105225,150,m4-hourly
H374,laplace,0.088245,0.127546,150,m4-hourly
H374,clf8,0.035832,0.126134,150,m4-hourly
H375,laplace,0.019356,0.130939,150,m4-hourly
H375,clf8,-0.113910,0.123388,150,m4-hourly
H376,laplace,0.148499,0.113502,150,m4-hourly
H376,clf8,0.044810,0.122608,150,m4-hourly
H377,laplace,-0.001162,0.134915,150,m4-hourly
H377,clf8,0.064386,0.121837,150,m4-hourly
H378,laplace,-0.116494,0.151214,150,m4-hourly
H378,clf8,-0.112133,0.140515,150,m4-hourly
H379,laplace,-0.167164,0.156908,150,m4-hourly
H379,clf8,-0.288425,0.156743,150,m4-hourly
H380,laplace,-0.068823,0.142095,150,m4-hourly
H380,clf8,-0.068117,0.132445,150,m4-hourly
H381,laplace,-0.210623,0.167194,150,m4-hourly
H381,clf8,-0.266697,0.161497,150,m4-hourly
H382,laplace,-0.146219,0.153790,150,m4-hourly
H382,clf8,-0.303221,0.161134,150,m4-hourly
H383,laplace,-0.250443,0.170410,150,m4-hourly
H383,clf8,-0.352834,0.168928,150,m4-hourly
H384,laplace,-0.064239,0.145167,150,m4-hourly
H384,clf8,-0.204246,0.143302,150,m4-hourly
H385,laplace,-0.110709,0.147616,150,m4-hourly
H385,clf8,-0.084863,0.134810,150,m4-hourly
H386,laplace,-0.086818,0.145384,150,m4-hourly
H386,clf8,-0.139812,0.132894,150,m4-hourly
H387,laplace,0.046821,0.131367,150,m4-hourly
H387,clf8,-0.271924,0.134896,150,m4-hourly
H388,laplace,0.103897,0.121994,150,m4-hourly
H388,clf8,0.140315,0.116890,150,m4-hourly
H389,laplace,0.025767,0.129992,150,m4-hourly
H389,clf8,-0.035298,0.123229,150,m4-hourly
H390,laplace,-0.175171,0.158280,150,m4-hourly
H390,clf8,-0.175257,0.148787,150,m4-hourly
H391,laplace,-0.034981,0.138719,150,m4-hourly
H391,clf8,-0.003202,0.136068,150,m4-hourly
H392,laplace,-0.031862,0.139943,150,m4-hourly
H392,clf8,-0.003728,0.114702,150,m4-hourly
H393,laplace,-0.034023,0.141909,150,m4-hourly
H393,clf8,-0.205719,0.146943,150,m4-hourly
H394,laplace,-0.160408,0.153247,150,m4-hourly
H394,clf8,-0.082056,0.139988,150,m4-hourly
H395,laplace,0.006082,0.132103,150,m4-hourly
H395,clf8,0.046999,0.121851,150,m4-hourly
H396,laplace,-0.019423,0.136177,150,m4-hourly
H396,clf8,-0.180085,0.133981,150,m4-hourly
H397,laplace,-0.186627,0.165735,150,m4-hourly
H397,clf8,0.081507,0.128929,150,m4-hourly
H398,laplace,0.025877,0.132517,150,m4-hourly
H398,clf8,0.013883,0.136491,150,m4-hourly
H399,laplace,-0.129068,0.148748,150,m4-hourly
H399,clf8,-0.036296,0.132289,150,m4-hourly
H400,laplace,-0.145980,0.158353,150,m4-hourly
H400,clf8,-0.294910,0.151407,150,m4-hourly
H401,laplace,-0.059966,0.135258,150,m4-hourly
H401,clf8,-0.203014,0.146739,150,m4-hourly
H402,laplace,-0.159823,0.156791,150,m4-hourly
H402,clf8,-0.225760,0.162471,150,m4-hourly
H403,laplace,-0.123675,0.151123,150,m4-hourly
H403,clf8,-0.244539,0.153066,150,m4-hourly
H404,laplace,-0.231871,0.169322,150,m4-hourly
H404,clf8,-0.324866,0.169931,150,m4-hourly
H405,laplace,-0.000094,0.133922,150,m4-hourly
H405,clf8,0.017534,0.126005,150,m4-hourly
H406,laplace,-0.181453,0.161417,150,m4-hourly
H406,clf8,-0.118391,0.141092,150,m4-hourly
H407,laplace,0.079644,0.124821,150,m4-hourly
H407,clf8,0.277566,0.114257,150,m4-hourly
H408,laplace,0.131076,0.117360,150,m4-hourly
H408,clf8,0.130290,0.106073,150,m4-hourly
H409,laplace,-0.120185,0.147915,150,m4-hourly
H409,clf8,-0.115456,0.147497,150,m4-hourly
H410,laplace,0.059095,0.128263,150,m4-hourly
H410,clf8,-0.128340,0.129515,150,m4-hourly
H411,laplace,0.138935,0.116367,150,m4-hourly
H411,clf8,0.209688,0.113129,150,m4-hourly
H412,laplace,-0.011995,0.134456,150,m4-hourly
H412,clf8,0.021242,0.125594,150,m4-hourly
H413,laplace,0.006457,0.131773,150,m4-hourly
H413,clf8,-0.027103,0.125325,150,m4-hourly
H414,laplace,-0.030210,0.139785,150,m4-hourly
H414,clf8,-0.331503,0.145306,150,m4-hourly
FEDFUNDS,laplace,1.723261,0.102669,150,monthly
FEDFUNDS,clf8,0.990682,0.088885,150,monthly
CPIAUCSL,laplace,4.682601,0.001261,150,monthly
CPIAUCSL,clf8,4.495869,0.001318,150,monthly
UNRATE,laplace,1.929034,0.042229,150,monthly
UNRATE,clf8,1.136931,0.033591,150,monthly
M2SL,laplace,4.224473,0.002315,150,monthly
M2SL,clf8,3.697175,0.002618,150,monthly
CPILFESL,laplace,5.419418,0.000633,150,monthly
CPILFESL,clf8,4.854557,0.000777,150,monthly
PAYEMS,laplace,4.432055,0.003277,150,monthly
PAYEMS,clf8,4.310402,0.002869,150,monthly
PCEPI,laplace,5.017803,0.000904,150,monthly
PCEPI,clf8,4.789141,0.000988,150,monthly
CIVPART,laplace,5.753096,0.001771,150,monthly
CIVPART,clf8,3.691043,0.001802,150,monthly
CORESTICKM159SFRBATL,laplace,1.664184,0.025965,150,monthly
CORESTICKM159SFRBATL,clf8,1.376580,0.026616,150,monthly
CPIAUCNS,laplace,4.381459,0.001653,150,monthly
CPIAUCNS,clf8,4.208980,0.001706,150,monthly
PSAVERT,laplace,0.987132,0.071113,150,monthly
PSAVERT,clf8,0.663046,0.071686,150,monthly
INDPRO,laplace,3.335302,0.006156,150,monthly
INDPRO,clf8,2.802101,0.005644,150,monthly
REAINTRATREARAT10Y,laplace,0.187102,0.111572,150,monthly
REAINTRATREARAT10Y,clf8,0.131170,0.111872,150,monthly
HOUST,laplace,1.083362,0.045237,150,monthly
HOUST,clf8,0.869532,0.044650,150,monthly
APU0000708111,laplace,0.953419,0.049797,150,monthly
APU0000708111,clf8,0.889185,0.049833,150,monthly
PCE,laplace,3.436341,0.006046,150,monthly
PCE,clf8,3.124155,0.004729,150,monthly
TB3MS,laplace,0.528583,0.131212,150,monthly
TB3MS,clf8,0.672485,0.129609,150,monthly
M1SL,laplace,2.168436,0.028490,150,monthly
M1SL,clf8,2.775760,0.014784,150,monthly
PCEPILFE,laplace,5.481949,0.000577,150,monthly
PCEPILFE,clf8,5.196327,0.000716,150,monthly
CUSR0000SETA02,laplace,2.963150,0.007559,150,monthly
CUSR0000SETA02,clf8,2.643911,0.008000,150,monthly
MANEMP,laplace,4.475834,0.002696,150,monthly
MANEMP,clf8,4.092823,0.002129,150,monthly
AAA,laplace,1.641330,0.026578,150,monthly
AAA,clf8,1.451418,0.026573,150,monthly
TOTALSA,laplace,1.707793,0.028985,150,monthly
TOTALSA,clf8,1.452168,0.028634,150,monthly
GS10,laplace,1.138222,0.044989,150,monthly
GS10,clf8,0.917179,0.046740,150,monthly
BOGMBASE,laplace,2.294721,0.014335,150,monthly
BOGMBASE,clf8,1.935540,0.014580,150,monthly
HSN1F,laplace,1.109745,0.044528,150,monthly
HSN1F,clf8,0.692361,0.045923,150,monthly
APU000072610,laplace,3.537990,0.006467,150,monthly
APU000072610,clf8,2.849706,0.006352,150,monthly
TOTRESNS,laplace,1.836385,0.022519,150,monthly
TOTRESNS,clf8,1.483099,0.024973,150,monthly
RECPROUSM156N,laplace,-2.609204,23.680612,150,monthly
RECPROUSM156N,clf8,-1.320936,2.450909,150,monthly
CUUR0000SA0R,laplace,5.235124,0.001893,150,monthly
CUUR0000SA0R,clf8,3.840628,0.002039,150,monthly
PERMIT,laplace,1.510694,0.029362,150,monthly
PERMIT,clf8,1.360371,0.029461,150,monthly
PCU325211325211,laplace,2.655012,0.009948,150,monthly
PCU325211325211,clf8,2.378592,0.009892,150,monthly
CPALTT01USM657N,laplace,-0.340877,0.186756,150,monthly
CPALTT01USM657N,clf8,-0.573394,0.178631,150,monthly
MICH,laplace,1.328423,0.054540,150,monthly
MICH,clf8,0.613820,0.056551,150,monthly
BAA,laplace,1.840057,0.021759,150,monthly
BAA,clf8,1.626526,0.022220,150,monthly
MSACSR,laplace,0.965886,0.051141,150,monthly
MSACSR,clf8,0.502298,0.051836,150,monthly
LNS11300060,laplace,5.141916,0.001614,150,monthly
LNS11300060,clf8,4.223965,0.001575,150,monthly
EXPINF1YR,laplace,-0.618081,0.245441,150,monthly
EXPINF1YR,clf8,-0.663488,0.222707,150,monthly
IRLTLT01JPM156N,laplace,1.148712,0.042827,150,monthly
IRLTLT01JPM156N,clf8,0.879759,0.046169,150,monthly
PCUOMFGOMFG,laplace,3.133871,0.005785,150,monthly
PCUOMFGOMFG,clf8,2.953616,0.005610,150,monthly
UEMP27OV,laplace,1.128258,0.045150,150,monthly
UEMP27OV,clf8,0.765801,0.044400,150,monthly
MEDCPIM158SFRBCLE,laplace,-1.179967,0.443186,150,monthly
MEDCPIM158SFRBCLE,clf8,-1.376625,0.440795,150,monthly
UNEMPLOY,laplace,1.337898,0.045000,150,monthly
UNEMPLOY,clf8,1.155094,0.031138,150,monthly
HTRUCKSSAAR,laplace,1.415195,0.032801,150,monthly
HTRUCKSSAAR,clf8,1.321571,0.032570,150,monthly
CPIUFDSL,laplace,4.786401,0.001060,150,monthly
CPIUFDSL,clf8,4.654585,0.001123,150,monthly
CLF16OV,laplace,4.288154,0.001948,150,monthly
CLF16OV,clf8,4.016444,0.001773,150,monthly
CUSR0000SAF11,laplace,4.307985,0.001727,150,monthly
CUSR0000SAF11,clf8,4.079008,0.001771,150,monthly
USREC,laplace,8.488323,0.013367,150,monthly
USREC,clf8,-1.208759,0.349621,150,monthly
TEMPHELPS,laplace,3.146721,0.009665,150,monthly
TEMPHELPS,clf8,2.733034,0.010941,150,monthly
TCU,laplace,3.334685,0.005864,150,monthly
TCU,clf8,2.857973,0.005512,150,monthly
BUSLOANS,laplace,3.346711,0.006100,150,monthly
BUSLOANS,clf8,3.134829,0.005588,150,monthly
LNS14024887,laplace,1.110912,0.048661,150,monthly
LNS14024887,clf8,0.611627,0.041576,150,monthly
IPMAN,laplace,3.216130,0.006882,150,monthly
IPMAN,clf8,2.578866,0.006443,150,monthly
PCU33443344,laplace,4.301890,0.003720,150,monthly
PCU33443344,clf8,3.186252,0.003887,150,monthly
MTSDS133FMS,laplace,-13.383685,103327.554254,150,monthly
MTSDS133FMS,clf8,-13.130263,75302.485066,150,monthly
CE16OV,laplace,3.748225,0.005023,150,monthly
CE16OV,clf8,3.468937,0.003303,150,monthly
EXPINF10YR,laplace,1.436661,0.030918,150,monthly
EXPINF10YR,clf8,1.367166,0.029952,150,monthly
HOUST1F,laplace,1.157195,0.042125,150,monthly
HOUST1F,clf8,1.019074,0.041659,150,monthly
POPTHM,laplace,8.224523,0.000036,150,monthly
POPTHM,clf8,7.959156,0.000050,150,monthly
LNS14000006,laplace,1.102200,0.043960,150,monthly
LNS14000006,clf8,0.788045,0.043360,150,monthly
ALTSALES,laplace,1.677733,0.029766,150,monthly
ALTSALES,clf8,1.363411,0.029707,150,monthly
IRLTLT01USM156N,laplace,1.132495,0.045117,150,monthly
IRLTLT01USM156N,clf8,0.887541,0.046912,150,monthly
EMRATIO,laplace,4.546475,0.004913,150,monthly
EMRATIO,clf8,3.969047,0.003198,150,monthly
CPIMEDSL,laplace,4.583160,0.001348,150,monthly
CPIMEDSL,clf8,4.262198,0.001359,150,monthly
CES9091000001,laplace,3.989994,0.003391,150,monthly
CES9091000001,clf8,3.942742,0.003095,150,monthly
SAHMCURRENT,laplace,0.921469,0.153466,150,monthly
SAHMCURRENT,clf8,-0.011454,0.157404,150,monthly
DSPI,laplace,3.531335,0.007846,150,monthly
DSPI,clf8,3.435440,0.007354,150,monthly
IRLTLT01DEM156N,laplace,0.502973,0.082648,150,monthly
IRLTLT01DEM156N,clf8,0.270190,0.084486,150,monthly
AHETPI,laplace,4.748555,0.001363,150,monthly
AHETPI,clf8,4.215586,0.001596,150,monthly
CUSR0000SEEB,laplace,5.294763,0.000647,150,monthly
CUSR0000SEEB,clf8,4.804093,0.000680,150,monthly
EXPINF2YR,laplace,0.449517,0.083642,150,monthly
EXPINF2YR,clf8,0.331632,0.078604,150,monthly
USSLIND,laplace,0.040960,0.126761,150,monthly
USSLIND,clf8,-0.130934,0.126597,150,monthly
USACSCICP02STSAM,laplace,1.482899,0.031337,150,monthly
USACSCICP02STSAM,clf8,1.413547,0.030221,150,monthly
LNS11300002,laplace,4.396438,0.002574,150,monthly
LNS11300002,clf8,3.322172,0.002530,150,monthly
MSPNHSUS,laplace,1.943514,0.019668,150,monthly
MSPNHSUS,clf8,1.734511,0.019155,150,monthly
M2NS,laplace,3.724080,0.003407,150,monthly
M2NS,clf8,3.680290,0.003058,150,monthly
PCETRIM12M159SFRBDAL,laplace,2.139876,0.017685,150,monthly
PCETRIM12M159SFRBDAL,clf8,1.821894,0.017512,150,monthly
MPRIME,laplace,5.279275,0.011431,150,monthly
MPRIME,clf8,1.754484,0.015995,150,monthly
TOTALSL,laplace,4.227804,0.002132,150,monthly
TOTALSL,clf8,4.253935,0.002073,150,monthly
EXPINF30YR,laplace,2.182389,0.014859,150,monthly
EXPINF30YR,clf8,2.139354,0.014936,150,monthly
BORROW,laplace,-0.874670,0.370607,150,monthly
BORROW,clf8,-0.436117,0.243317,150,monthly
CUSR0000SAH1,laplace,5.558120,0.000530,150,monthly
CUSR0000SAH1,clf8,5.009202,0.000657,150,monthly
REAINTRATREARAT1YE,laplace,-1.599910,0.586678,150,monthly
REAINTRATREARAT1YE,clf8,-1.503361,0.520165,150,monthly
LNS12300060,laplace,4.421435,0.003857,150,monthly
LNS12300060,clf8,3.816834,0.002954,150,monthly
CUSR0000SETG01,laplace,2.187321,0.014980,150,monthly
CUSR0000SETG01,clf8,1.680387,0.015424,150,monthly
IRLTLT01GBM156N,laplace,0.701761,0.067699,150,monthly
IRLTLT01GBM156N,clf8,0.418756,0.065154,150,monthly
USCONS,laplace,3.750120,0.004384,150,monthly
USCONS,clf8,3.714229,0.003292,150,monthly
CWUR0000SA0,laplace,4.194730,0.001979,150,monthly
CWUR0000SA0,clf8,4.006938,0.002092,150,monthly
MABMM301USM189S,laplace,4.134926,0.002534,150,monthly
MABMM301USM189S,clf8,3.623779,0.002890,150,monthly
EXPINF5YR,laplace,1.080496,0.044044,150,monthly
EXPINF5YR,clf8,1.145574,0.041877,150,monthly
USPRIV,laplace,4.397836,0.003684,150,monthly
USPRIV,clf8,4.266251,0.003588,150,monthly
PI,laplace,3.657603,0.006557,150,monthly
PI,clf8,3.811497,0.006097,150,monthly
CAUR,laplace,3.376262,0.025816,150,monthly
CAUR,clf8,2.074381,0.026471,150,monthly
USALOLITOAASTSAM,laplace,5.158548,0.001463,150,monthly
USALOLITOAASTSAM,clf8,5.682617,0.001548,150,monthly
UEMPLT5,laplace,0.593239,0.086782,150,monthly
UEMPLT5,clf8,0.135440,0.069829,150,monthly
T10Y2YM,laplace,0.773838,0.063547,150,monthly
T10Y2YM,clf8,0.500207,0.064001,150,monthly
PCU335311335311P,laplace,3.553458,0.005407,150,monthly
PCU335311335311P,clf8,3.192886,0.004976,150,monthly
LNS11300001,laplace,5.070100,0.001874,150,monthly
LNS11300001,clf8,3.704158,0.001927,150,monthly
CUSR0000SEHA,laplace,5.805675,0.000401,150,monthly
CUSR0000SEHA,clf8,4.839195,0.000572,150,monthly
PCU325325,laplace,3.612450,0.003380,150,monthly
PCU325325,clf8,3.442844,0.003215,150,monthly
INTDSRUSM193N,laplace,5.881086,0.030940,150,monthly
INTDSRUSM193N,clf8,1.334156,0.047354,150,monthly
CPIENGSL,laplace,2.240021,0.014619,150,monthly
CPIENGSL,clf8,1.954935,0.014940,150,monthly
GS1,laplace,0.669840,0.084363,150,monthly
GS1,clf8,0.496147,0.084844,150,monthly
PCU335311335311,laplace,3.657840,0.005016,150,monthly
PCU335311335311,clf8,3.193639,0.004862,150,monthly
MYAGM2USM052S,laplace,4.352406,0.001847,150,monthly
MYAGM2USM052S,clf8,4.198120,0.001744,150,monthly
COMPUTSA,laplace,1.326854,0.035380,150,monthly
COMPUTSA,clf8,0.978733,0.036137,150,monthly
PCU335313335313,laplace,3.696960,0.004045,150,monthly
PCU335313335313,clf8,3.375895,0.004121,150,monthly
UEMP15OV,laplace,1.069660,0.048019,150,monthly
UEMP15OV,clf8,0.560249,0.045029,150,monthly
PCU325311325311,laplace,1.925096,0.020303,150,monthly
PCU325311325311,clf8,1.711158,0.020873,150,monthly
PMSAVE,laplace,0.766344,0.078055,150,monthly
PMSAVE,clf8,0.731890,0.076042,150,monthly
PCETRIM1M158SFRBDAL,laplace,-0.296057,0.175321,150,monthly
PCETRIM1M158SFRBDAL,clf8,-0.457707,0.171210,150,monthly
REVOLSL,laplace,3.529285,0.004028,150,monthly
REVOLSL,clf8,3.119396,0.004172,150,monthly
UNRATENSA,laplace,1.461880,0.048356,150,monthly
UNRATENSA,clf8,1.028397,0.043787,150,monthly
LNS11324230,laplace,4.988618,0.002866,150,monthly
LNS11324230,clf8,3.575783,0.003048,150,monthly
CUSR0000SETD,laplace,4.124606,0.002443,150,monthly
CUSR0000SETD,clf8,3.604514,0.002525,150,monthly
HOUST5F,laplace,0.343622,0.093506,150,monthly
HOUST5F,clf8,0.310387,0.089390,150,monthly
PCU32221132221102,laplace,4.217719,0.005484,150,monthly
PCU32221132221102,clf8,3.482660,0.005143,150,monthly
LNS12032194,laplace,1.357187,0.037418,150,monthly
LNS12032194,clf8,1.014360,0.036085,150,monthly
CFNAI,laplace,-1.583660,1.096182,150,monthly
CFNAI,clf8,-1.377808,0.678629,150,monthly
IR3TIB01USM156N,laplace,0.773223,0.086039,150,monthly
IR3TIB01USM156N,clf8,0.722479,0.072471,150,monthly
USALOLITONOSTSAM,laplace,5.421837,0.001283,150,monthly
USALOLITONOSTSAM,clf8,5.759897,0.001395,150,monthly
USEPUINDXM,laplace,0.173345,0.110907,150,monthly
USEPUINDXM,clf8,-0.056683,0.112318,150,monthly
GS2,laplace,0.693574,0.071345,150,monthly
GS2,clf8,0.348441,0.076525,150,monthly
GS5,laplace,0.882545,0.056601,150,monthly
GS5,clf8,0.695032,0.059840,150,monthly
LNS12500000,laplace,3.763254,0.003887,150,monthly
LNS12500000,clf8,3.217016,0.003458,150,monthly
USGOVT,laplace,4.743976,0.001588,150,monthly
USGOVT,clf8,4.182960,0.001619,150,monthly
TXUR,laplace,3.990225,0.022990,150,monthly
TXUR,clf8,1.631132,0.024628,150,monthly
IRSTCI01JPM156N,laplace,2.821645,0.012128,150,monthly
IRSTCI01JPM156N,clf8,2.159190,0.012934,150,monthly
CPIAPPSL,laplace,3.685629,0.003413,150,monthly
CPIAPPSL,clf8,3.328949,0.003351,150,monthly
M12MTVUSM227NFWA,laplace,4.772120,0.001594,150,monthly
M12MTVUSM227NFWA,clf8,3.990734,0.002106,150,monthly
PCEDG,laplace,2.434131,0.013393,150,monthly
PCEDG,clf8,2.333769,0.012701,150,monthly
LFWA64TTUSM647S,laplace,5.560829,0.000637,150,monthly
LFWA64TTUSM647S,clf8,5.053407,0.000667,150,monthly
CUSR0000SEFV,laplace,5.159771,0.000778,150,monthly
CUSR0000SEFV,clf8,4.993907,0.000820,150,monthly
CNP16OV,laplace,6.317817,0.000360,150,monthly
CNP16OV,clf8,6.926758,0.000525,150,monthly
USPHCI,laplace,4.527076,0.002620,150,monthly
USPHCI,clf8,4.716963,0.002158,150,monthly
UEMPMEAN,laplace,1.092836,0.047660,150,monthly
UEMPMEAN,clf8,0.335315,0.043568,150,monthly
UEMP15T26,laplace,0.702590,0.072637,150,monthly
UEMP15T26,clf8,-0.029773,0.067791,150,monthly
CES6054150001,laplace,4.410422,0.001519,150,monthly
CES6054150001,clf8,4.222497,0.001645,150,monthly
TRFVOLUSM227NFWA,laplace,2.317498,0.018138,150,monthly
TRFVOLUSM227NFWA,clf8,2.192819,0.018569,150,monthly
CUSR0000SETA01,laplace,4.381139,0.001736,150,monthly
CUSR0000SETA01,clf8,4.173945,0.001888,150,monthly
GS30,laplace,1.385229,0.034049,150,monthly
GS30,clf8,1.176195,0.034012,150,monthly
CPILFENS,laplace,5.129822,0.000864,150,monthly
CPILFENS,clf8,4.845695,0.000951,150,monthly
UEMP5TO14,laplace,0.987753,0.063408,150,monthly
UEMP5TO14,clf8,0.343841,0.060313,150,monthly
CES3000000008,laplace,4.663983,0.001319,150,monthly
CES3000000008,clf8,4.117927,0.001411,150,monthly
LNS14000024,laplace,2.162079,0.044756,150,monthly
LNS14000024,clf8,1.125551,0.033355,150,monthly
IMPCH,laplace,0.883965,0.051671,150,monthly
IMPCH,clf8,0.706969,0.052606,150,monthly
MCUMFN,laplace,3.220796,0.006912,150,monthly
MCUMFN,clf8,2.512993,0.006555,150,monthly
PCU3364133641,laplace,4.902980,0.001008,150,monthly
PCU3364133641,clf8,4.730424,0.001130,150,monthly
IRLTLT01EZM156N,laplace,0.268180,0.101671,150,monthly
IRLTLT01EZM156N,clf8,0.090532,0.100730,150,monthly
PERMIT1,laplace,1.871512,0.021906,150,monthly
PERMIT1,clf8,1.620279,0.021510,150,monthly
LNS11300012,laplace,2.310111,0.012555,150,monthly
LNS11300012,clf8,1.875702,0.012958,150,monthly
ALURN,laplace,1.118430,0.063018,150,monthly
ALURN,clf8,0.895212,0.061884,150,monthly
HNFSEPUSSA,laplace,2.750899,0.008421,150,monthly
HNFSEPUSSA,clf8,2.596053,0.008643,150,monthly
CPIUFDNS,laplace,4.609971,0.001358,150,monthly
CPIUFDNS,clf8,4.402769,0.001437,150,monthly
CES2023610001,laplace,3.415724,0.005373,150,monthly
CES2023610001,clf8,3.324941,0.004597,150,monthly
LBSNSA01,laplace,4.158869,0.002646,150,monthly
LBSNSA01,clf8,3.600736,0.002685,150,monthly
CUSR0000SEHF01,laplace,3.606442,0.003671,150,monthly
CUSR0000SEHF01,clf8,3.360823,0.003752,150,monthly
IRLTLT01AUM156N,laplace,1.195143,0.041919,150,monthly
IRLTLT01AUM156N,clf8,0.738327,0.043210,150,monthly
LOANS,laplace,4.451873,0.001865,150,monthly
LOANS,clf8,4.454777,0.001720,150,monthly
LNS15000000,laplace,3.928039,0.002743,150,monthly
LNS15000000,clf8,3.442688,0.002765,150,monthly
CPIFABSL,laplace,4.813228,0.001027,150,monthly
CPIFABSL,clf8,4.704892,0.001060,150,monthly
UNDCONTSA,laplace,3.357680,0.004632,150,monthly
UNDCONTSA,clf8,3.179943,0.004781,150,monthly
IRLTLT01FRM156N,laplace,0.423751,0.087944,150,monthly
IRLTLT01FRM156N,clf8,0.196543,0.090457,150,monthly
AWHNONAG,laplace,7.075480,0.001614,150,monthly
AWHNONAG,clf8,4.944005,0.001862,150,monthly
IRLTLT01CAM156N,laplace,0.922210,0.053498,150,monthly
IRLTLT01CAM156N,clf8,0.574180,0.055676,150,monthly
CUUR0000SEFV,laplace,5.161206,0.000779,150,monthly
CUUR0000SEFV,clf8,4.993298,0.000820,150,monthly
NYUR,laplace,3.390101,0.029375,150,monthly
NYUR,clf8,1.836392,0.031657,150,monthly
EPUTRADE,laplace,-1.118339,0.407179,150,monthly
EPUTRADE,clf8,-1.196436,0.421421,150,monthly
KCFSI,laplace,-0.180664,0.163969,150,monthly
KCFSI,clf8,-0.371574,0.157475,150,monthly
LRUN64TTJPM156S,laplace,3.239310,0.022123,150,monthly
LRUN64TTJPM156S,clf8,1.549336,0.023797,150,monthly
FLUR,laplace,3.408386,0.028728,150,monthly
FLUR,clf8,1.819021,0.038918,150,monthly
TTLHHM156N,laplace,4.438739,0.001609,150,monthly
TTLHHM156N,clf8,4.140129,0.001634,150,monthly
PAYNSA,laplace,4.131348,0.004046,150,monthly
PAYNSA,clf8,3.996920,0.004091,150,monthly
PCU33323332,laplace,4.441731,0.002359,150,monthly
PCU33323332,clf8,3.645629,0.002539,150,monthly
LNS14000036,laplace,0.959670,0.056108,150,monthly
LNS14000036,clf8,0.593047,0.051893,150,monthly
TB6MS,laplace,0.474668,0.109018,150,monthly
TB6MS,clf8,0.601472,0.099254,150,monthly
PCU334413334413A,laplace,4.540189,0.004099,150,monthly
PCU334413334413A,clf8,3.348197,0.004191,150,monthly
GS20,laplace,1.285411,0.037913,150,monthly
GS20,clf8,1.150774,0.038596,150,monthly
GBRCPIALLMINMEI,laplace,4.570272,0.001839,150,monthly
GBRCPIALLMINMEI,clf8,4.413311,0.001619,150,monthly
GAURN,laplace,1.245492,0.052357,150,monthly
GAURN,clf8,0.929193,0.053687,150,monthly
HQMCB10YR,laplace,1.600636,0.026978,150,monthly
HQMCB10YR,clf8,1.534201,0.027050,150,monthly
LRAC25MAUSM156S,laplace,5.021433,0.001682,150,monthly
LRAC25MAUSM156S,clf8,3.797119,0.001744,150,monthly
ALNAN,laplace,4.009880,0.003696,150,monthly
ALNAN,clf8,3.780918,0.003878,150,monthly
PCU325211325211P,laplace,2.540687,0.010996,150,monthly
PCU325211325211P,clf8,2.256782,0.011235,150,monthly
CPIHOSNS,laplace,5.025494,0.000889,150,monthly
CPIHOSNS,clf8,4.847121,0.001036,150,monthly
IPG3344S,laplace,2.852811,0.008144,150,monthly
IPG3344S,clf8,2.334154,0.009043,150,monthly
PCU4831114831115,laplace,2.270782,0.014943,150,monthly
PCU4831114831115,clf8,1.947334,0.015377,150,monthly
PCES,laplace,3.872028,0.004381,150,monthly
PCES,clf8,3.364175,0.004129,150,monthly
JPNCPIALLMINMEI,laplace,4.999048,0.001482,150,monthly
JPNCPIALLMINMEI,clf8,4.143446,0.001512,150,monthly
AWHMAN,laplace,5.259022,0.002909,150,monthly
AWHMAN,clf8,3.627785,0.003085,150,monthly
ALUR,laplace,3.539340,0.031489,150,monthly
ALUR,clf8,1.118725,0.044291,150,monthly
PCU325510325510,laplace,3.665680,0.003428,150,monthly
PCU325510325510,clf8,3.605155,0.003099,150,monthly
INTDSRJPM193N,laplace,7.001839,0.019580,150,monthly
INTDSRJPM193N,clf8,-1.377473,0.397020,150,monthly
CES4348400001,laplace,4.171587,0.002304,150,monthly
CES4348400001,clf8,4.036204,0.002172,150,monthly
TOTALSLAR,laplace,-2.506427,1.675869,150,monthly
TOTALSLAR,clf8,-2.579614,1.487353,150,monthly
CUSR0000SEHC,laplace,5.965048,0.000354,150,monthly
CUSR0000SEHC,clf8,4.581413,0.000502,150,monthly
HPIPONM226S,laplace,4.390340,0.001602,150,monthly
HPIPONM226S,clf8,3.862651,0.001844,150,monthly
STICKCPIM157SFRBATL,laplace,0.987346,0.052387,150,monthly
STICKCPIM157SFRBATL,clf8,0.755339,0.048864,150,monthly
CHNMAINLANDEPU,laplace,-5.842293,50.201964,150,monthly
CHNMAINLANDEPU,clf8,-5.996762,46.948969,150,monthly
CEFDFSA066MSFRBPHI,laplace,-3.435881,4.255056,150,monthly
CEFDFSA066MSFRBPHI,clf8,-3.654839,4.282594,150,monthly
PCU311311,laplace,3.187620,0.005264,150,monthly
PCU311311,clf8,2.928282,0.005076,150,monthly
CRESTKCPIXSLTRM159SFRBATL,laplace,0.762187,0.063718,150,monthly
CRESTKCPIXSLTRM159SFRBATL,clf8,0.233846,0.064733,150,monthly
APUS37A72610,laplace,3.531257,0.014927,150,monthly
APUS37A72610,clf8,2.014808,0.015774,150,monthly
MVMTD027MNFRBDAL,laplace,2.842509,0.007792,150,monthly
MVMTD027MNFRBDAL,clf8,2.651403,0.007731,150,monthly
PCU333611333611,laplace,3.610517,0.003757,150,monthly
PCU333611333611,clf8,3.410838,0.003850,150,monthly
LNS14000002,laplace,1.546891,0.050288,150,monthly
LNS14000002,clf8,0.743511,0.042446,150,monthly
IA001260M,laplace,5.190165,0.000749,150,monthly
IA001260M,clf8,4.958274,0.000795,150,monthly
IPG3361T3S,laplace,1.215140,0.060464,150,monthly
IPG3361T3S,clf8,0.769679,0.045201,150,monthly
CSCICP02CNM460S,laplace,2.254915,0.013902,150,monthly
CSCICP02CNM460S,clf8,2.136680,0.013409,150,monthly
MYAGM2JPM189S,laplace,5.131256,0.000779,150,monthly
MYAGM2JPM189S,clf8,4.930371,0.000822,150,monthly
LNS13025703,laplace,0.965094,0.065417,150,monthly
LNS13025703,clf8,0.421814,0.054221,150,monthly
CUSR0000SAM2,laplace,4.511610,0.001463,150,monthly
CUSR0000SAM2,clf8,4.164230,0.001521,150,monthly
CUSR0000SACL1E,laplace,4.553456,0.001485,150,monthly
CUSR0000SACL1E,clf8,3.932120,0.001503,150,monthly
CABPPRIVSA,laplace,0.453004,0.083853,150,monthly
CABPPRIVSA,clf8,0.301255,0.082923,150,monthly
INTDSRTRM193N,laplace,5.419811,0.030451,150,monthly
INTDSRTRM193N,clf8,-0.641457,0.183064,150,monthly
USINFO,laplace,4.017960,0.003137,150,monthly
USINFO,clf8,3.660450,0.003181,150,monthly
VAUR,laplace,3.438695,0.034547,150,monthly
VAUR,clf8,1.215421,0.048170,150,monthly
LAURN,laplace,1.060706,0.050455,150,monthly
LAURN,clf8,0.932488,0.051600,150,monthly
COMPU1USA,laplace,1.465571,0.030463,150,monthly
COMPU1USA,clf8,1.246864,0.031584,150,monthly
MSURN,laplace,0.986474,0.052297,150,monthly
MSURN,clf8,0.839851,0.048867,150,monthly
INTDSRCNM193N,laplace,9.265417,0.000769,150,monthly
INTDSRCNM193N,clf8,0.332533,0.073652,150,monthly
LNS14000003,laplace,1.897798,0.046100,150,monthly
LNS14000003,clf8,0.736670,0.039832,150,monthly
PCEND,laplace,3.070325,0.006846,150,monthly
PCEND,clf8,2.624664,0.006760,150,monthly
IR3TIB01GBM156N,laplace,1.047186,0.069874,150,monthly
IR3TIB01GBM156N,clf8,0.685843,0.067677,150,monthly
BSCICP02USM460S,laplace,-2.680352,1.984853,150,monthly
BSCICP02USM460S,clf8,-2.870545,1.962039,150,monthly
IRLTLT01ITM156N,laplace,0.649069,0.068032,150,monthly
IRLTLT01ITM156N,clf8,0.296662,0.067050,150,monthly
GS3M,laplace,0.314500,0.134371,150,monthly
GS3M,clf8,0.626885,0.128464,150,monthly
CALOSA7URN,laplace,1.142168,0.045496,150,monthly
CALOSA7URN,clf8,0.829770,0.047485,150,monthly
AWOTMAN,laplace,3.758369,0.016955,150,monthly
AWOTMAN,clf8,1.686054,0.020568,150,monthly
LNS11300036,laplace,3.187150,0.006088,150,monthly
LNS11300036,clf8,2.615932,0.005935,150,monthly
GANAN,laplace,3.864476,0.004234,150,monthly
GANAN,clf8,3.616447,0.004775,150,monthly
LRUNTTTTCAM156S,laplace,2.060626,0.028162,150,monthly
LRUNTTTTCAM156S,clf8,1.016918,0.026907,150,monthly
TRMMEANCPIM158SFRBCLE,laplace,-1.422589,0.553819,150,monthly
TRMMEANCPIM158SFRBCLE,clf8,-1.590577,0.544605,150,monthly
INDCPIALLMINMEI,laplace,3.828915,0.003384,150,monthly
INDCPIALLMINMEI,clf8,3.527449,0.003294,150,monthly
BAA10YM,laplace,1.384424,0.033276,150,monthly
BAA10YM,clf8,1.187923,0.033200,150,monthly
CPIHOSSL,laplace,5.330308,0.000655,150,monthly
CPIHOSSL,clf8,5.169038,0.000739,150,monthly
ALMFGN,laplace,3.842944,0.003968,150,monthly
ALMFGN,clf8,3.423413,0.004043,150,monthly
POP,laplace,7.352421,0.000174,150,monthly
POP,clf8,7.266567,0.000182,150,monthly
FEDMINNFRWG,laplace,10.791723,0.000002,150,monthly
FEDMINNFRWG,clf8,0.892681,0.044145,150,monthly
IPMANSICS,laplace,3.258709,0.006788,150,monthly
IPMANSICS,clf8,2.555177,0.006426,150,monthly
HOUSTNSA,laplace,0.746127,0.061993,150,monthly
HOUSTNSA,clf8,0.711720,0.055214,150,monthly
BOERUKM,laplace,6.205641,0.021676,150,monthly
BOERUKM,clf8,0.772993,0.039985,150,monthly
LOANINV,laplace,4.370553,0.001680,150,monthly
LOANINV,clf8,4.381625,0.001706,150,monthly
MTSR133FMS,laplace,0.341504,0.096377,150,monthly
MTSR133FMS,clf8,0.602972,0.073851,150,monthly
MSNAN,laplace,3.783557,0.004432,150,monthly
MSNAN,clf8,3.536661,0.004240,150,monthly
USLAH,laplace,3.157890,0.019626,150,monthly
USLAH,clf8,3.001634,0.012823,150,monthly
LRAC25FEUSM156S,laplace,4.431250,0.002339,150,monthly
LRAC25FEUSM156S,clf8,3.458956,0.002339,150,monthly
CUSR0000SAF112,laplace,3.492466,0.004060,150,monthly
CUSR0000SAF112,clf8,3.103004,0.004115,150,monthly
CEU3100000008,laplace,4.003098,0.002498,150,monthly
CEU3100000008,clf8,3.742745,0.002733,150,monthly
CFNAIMA3,laplace,-0.457640,0.334942,150,monthly
CFNAIMA3,clf8,-0.451616,0.295620,150,monthly
COMPU5MUSA,laplace,0.403568,0.088339,150,monthly
COMPU5MUSA,clf8,0.218864,0.090532,150,monthly
UNDCON5MUSA,laplace,2.942021,0.007019,150,monthly
UNDCON5MUSA,clf8,2.738406,0.007437,150,monthly
HQMCB20YR,laplace,1.740398,0.023571,150,monthly
HQMCB20YR,clf8,1.604381,0.023623,150,monthly
DPSACBM027NBOG,laplace,3.658964,0.003547,150,monthly
DPSACBM027NBOG,clf8,3.483532,0.003815,150,monthly
SHTSAUS,laplace,2.021008,0.022589,150,monthly
SHTSAUS,clf8,1.419985,0.023021,150,monthly
MTSO133FMS,laplace,0.072792,0.119484,150,monthly
MTSO133FMS,clf8,0.165752,0.100620,150,monthly
APU0000713111,laplace,2.241475,0.013392,150,monthly
APU0000713111,clf8,2.111047,0.013307,150,monthly
TENEXPCHAINFRISPRE,laplace,1.312899,0.035938,150,monthly
TENEXPCHAINFRISPRE,clf8,1.385377,0.031596,150,monthly
SPASTT01USM661N,laplace,2.007747,0.017588,150,monthly
SPASTT01USM661N,clf8,1.982440,0.016920,150,monthly
T10Y3MM,laplace,0.176813,0.106696,150,monthly
T10Y3MM,clf8,0.065362,0.109353,150,monthly
PERMIT5,laplace,0.760305,0.062861,150,monthly
PERMIT5,clf8,0.599772,0.062103,150,monthly
MOUR,laplace,3.385909,0.029050,150,monthly
MOUR,clf8,1.435230,0.039063,150,monthly
USPBS,laplace,4.519100,0.002533,150,monthly
USPBS,clf8,4.324882,0.003890,150,monthly
LANAN,laplace,3.612822,0.004949,150,monthly
LANAN,clf8,3.506378,0.005247,150,monthly
IRSTCB01CAM156N,laplace,5.556305,0.033874,150,monthly
IRSTCB01CAM156N,clf8,1.050256,0.051738,150,monthly
PCU483111483111,laplace,2.270050,0.014954,150,monthly
PCU483111483111,clf8,1.958554,0.015380,150,monthly
LBSNSA13,laplace,4.033218,0.003182,150,monthly
LBSNSA13,clf8,3.545155,0.003317,150,monthly
LBSNSA22,laplace,3.670393,0.003649,150,monthly
LBSNSA22,clf8,3.247188,0.006038,150,monthly
EXPINF3YR,laplace,0.774260,0.060277,150,monthly
EXPINF3YR,clf8,0.736255,0.056578,150,monthly
TLBACBM027NBOG,laplace,3.560609,0.003788,150,monthly
TLBACBM027NBOG,clf8,3.460821,0.003860,150,monthly
CUSR0000SAD,laplace,4.225080,0.002131,150,monthly
CUSR0000SAD,clf8,3.744594,0.002206,150,monthly
CES6562000101,laplace,4.635164,0.002196,150,monthly
CES6562000101,clf8,3.626905,0.002401,150,monthly
CPITRNSL,laplace,2.966130,0.007003,150,monthly
CPITRNSL,clf8,2.700613,0.007138,150,monthly
PCU333415333415,laplace,3.755397,0.003351,150,monthly
PCU333415333415,clf8,3.489033,0.003702,150,monthly
LBSNSA28,laplace,3.795027,0.003421,150,monthly
LBSNSA28,clf8,3.384096,0.003555,150,monthly
LTOTALNSA,laplace,1.028554,0.050130,150,monthly
LTOTALNSA,clf8,1.031046,0.047451,150,monthly
EXPINF20YR,laplace,1.866904,0.020219,150,monthly
EXPINF20YR,clf8,1.820422,0.020106,150,monthly
GACDFSA066MSFRBPHI,laplace,-3.943057,7.128245,150,monthly
GACDFSA066MSFRBPHI,clf8,-4.268988,6.909323,150,monthly
PCU3344133441,laplace,4.414078,0.003707,150,monthly
PCU3344133441,clf8,3.182079,0.003867,150,monthly
TOTALNSA,laplace,1.061773,0.048620,150,monthly
TOTALNSA,clf8,1.096508,0.045906,150,monthly
USASLRTCR03MLSAM,laplace,1.507745,0.033555,150,monthly
USASLRTCR03MLSAM,clf8,1.314176,0.033755,150,monthly
PAUR,laplace,3.842044,0.026358,150,monthly
PAUR,clf8,1.686118,0.034437,150,monthly
CSCICP03USM665S,laplace,4.920835,0.000994,150,monthly
CSCICP03USM665S,clf8,5.087265,0.000699,150,monthly
CUSR0000SASLE,laplace,5.486098,0.000620,150,monthly
CUSR0000SASLE,clf8,5.085626,0.000714,150,monthly
IPG325S,laplace,3.069400,0.006780,150,monthly
IPG325S,clf8,2.961927,0.006631,150,monthly
A576RC1,laplace,4.018363,0.003149,150,monthly
A576RC1,clf8,3.698074,0.003300,150,monthly
IRLTLT01CHM156N,laplace,0.396062,0.089757,150,monthly
IRLTLT01CHM156N,clf8,0.241367,0.089181,150,monthly
IRSTCB01JPM156N,laplace,8.410025,0.000034,150,monthly
IRSTCB01JPM156N,clf8,-1.488295,0.470222,150,monthly
CES1021210001,laplace,2.815184,0.008870,150,monthly
CES1021210001,clf8,2.531697,0.008467,150,monthly
PCU3252113252111,laplace,2.415297,0.012388,150,monthly
PCU3252113252111,clf8,2.191186,0.012393,150,monthly
INTDSRKRM193N,laplace,6.578652,0.026605,150,monthly
INTDSRKRM193N,clf8,-0.377710,0.164381,150,monthly
LRHUTTTTDEM156S,laplace,5.823576,0.007716,150,monthly
LRHUTTTTDEM156S,clf8,2.482616,0.009458,150,monthly
REAINTRATREARAT1MO,laplace,-1.771702,0.780271,150,monthly
REAINTRATREARAT1MO,clf8,-1.795911,0.715125,150,monthly
PCU334412334412,laplace,7.191245,0.003231,150,monthly
PCU334412334412,clf8,3.916590,0.003456,150,monthly
PCU334413334413,laplace,4.189267,0.004089,150,monthly
PCU334413334413,clf8,3.183666,0.004285,150,monthly
CWSR0000SA0,laplace,4.448601,0.001582,150,monthly
CWSR0000SA0,clf8,4.292620,0.001667,150,monthly
U2RATE,laplace,2.067586,0.051406,150,monthly
U2RATE,clf8,0.701605,0.051097,150,monthly
USGSEC,laplace,3.417225,0.004349,150,monthly
USGSEC,clf8,3.205363,0.004632,150,monthly
STICKCPIXSHLTRM159SFRBATL,laplace,1.073662,0.046490,150,monthly
STICKCPIXSHLTRM159SFRBATL,clf8,0.402412,0.047700,150,monthly
CES3133600101,laplace,2.768874,0.011571,150,monthly
CES3133600101,clf8,2.610783,0.011562,150,monthly
PCU32543254,laplace,4.051143,0.002391,150,monthly
PCU32543254,clf8,3.814317,0.003096,150,monthly
BOGMBBM,laplace,1.805690,0.023036,150,monthly
BOGMBBM,clf8,1.404872,0.027212,150,monthly
INTGSTJPM193N,laplace,1.923381,0.022645,150,monthly
INTGSTJPM193N,clf8,1.511124,0.048224,150,monthly
TB1YR,laplace,0.855964,0.080239,150,monthly
TB1YR,clf8,0.594244,0.085025,150,monthly
H8B1152NCBCMG,laplace,-3.455174,4.508783,150,monthly
H8B1152NCBCMG,clf8,-3.421729,4.117088,150,monthly
IPB50001N,laplace,2.994135,0.007616,150,monthly
IPB50001N,clf8,2.749794,0.008242,150,monthly
RMFSL,laplace,-3.906168,6.949334,150,monthly
RMFSL,clf8,-4.140670,7.446183,150,monthly
LNS14000009,laplace,1.349547,0.051414,150,monthly
LNS14000009,clf8,0.678779,0.048014,150,monthly
DEMDEPSL,laplace,2.423023,0.012939,150,monthly
DEMDEPSL,clf8,2.264455,0.013009,150,monthly
CUSR0000SAF113,laplace,3.613252,0.003551,150,monthly
CUSR0000SAF113,clf8,3.397290,0.003851,150,monthly
APU0000718311,laplace,2.472239,0.011264,150,monthly
APU0000718311,clf8,2.341687,0.011228,150,monthly
ALNA,laplace,4.323998,0.002864,150,monthly
ALNA,clf8,4.017576,0.002297,150,monthly
MYAGM2KRM189S,laplace,3.776470,0.003040,150,monthly
MYAGM2KRM189S,clf8,3.645787,0.003074,150,monthly
CSCICP02GBM460S,laplace,-2.519454,1.709104,150,monthly
CSCICP02GBM460S,clf8,-2.800785,1.732057,150,monthly
PCU3312103312100,laplace,2.562639,0.010398,150,monthly
PCU3312103312100,clf8,2.243123,0.011094,150,monthly
EXPCH,laplace,0.579034,0.075469,150,monthly
EXPCH,clf8,0.580127,0.066886,150,monthly
RESBALNS,laplace,1.085203,0.066496,150,monthly
RESBALNS,clf8,1.027087,0.065310,150,monthly
USTRADE,laplace,4.044902,0.004039,150,monthly
USTRADE,clf8,3.608514,0.003115,150,monthly
LFWA64TTJPM647S,laplace,5.193499,0.000726,150,monthly
LFWA64TTJPM647S,clf8,4.372140,0.000748,150,monthly
G7LOLITOAASTSAM,laplace,5.430950,0.001437,150,monthly
G7LOLITOAASTSAM,clf8,5.827757,0.001910,150,monthly
PCU32612232612213,laplace,2.203382,0.013825,150,monthly
PCU32612232612213,clf8,2.232740,0.014164,150,monthly
LRHUTTTTJPM156S,laplace,3.454074,0.020466,150,monthly
LRHUTTTTJPM156S,clf8,1.583334,0.021257,150,monthly
LAUR,laplace,3.656016,0.021000,150,monthly
LAUR,clf8,1.302913,0.038000,150,monthly
M1NS,laplace,2.168546,0.026127,150,monthly
M1NS,clf8,2.606075,0.019518,150,monthly
GAUR,laplace,3.916337,0.026601,150,monthly
GAUR,clf8,1.781697,0.036711,150,monthly
MAUR,laplace,3.449555,0.032927,150,monthly
MAUR,clf8,1.621128,0.043075,150,monthly
CONSUMER,laplace,3.716613,0.003177,150,monthly
CONSUMER,clf8,3.947384,0.003232,150,monthly
DFXARC1M027SBEA,laplace,3.408610,0.005573,150,monthly
DFXARC1M027SBEA,clf8,3.065098,0.005582,150,monthly
APUS11A72610,laplace,3.026332,0.016792,150,monthly
APUS11A72610,clf8,2.009993,0.015439,150,monthly
LNS12034560,laplace,1.921606,0.019576,150,monthly
LNS12034560,clf8,1.646676,0.019825,150,monthly
CPIEALL,laplace,4.494158,0.001477,150,monthly
CPIEALL,clf8,4.416170,0.001435,150,monthly
PCU332332,laplace,4.561591,0.001602,150,monthly
PCU332332,clf8,4.156764,0.001652,150,monthly
USACPIALLMINMEI,laplace,4.398239,0.001645,150,monthly
USACPIALLMINMEI,clf8,4.177739,0.001715,150,monthly
GS3,laplace,0.745151,0.064861,150,monthly
GS3,clf8,0.583417,0.069421,150,monthly
PCU2123122123120,laplace,3.375040,0.004251,150,monthly
PCU2123122123120,clf8,3.316429,0.004661,150,monthly
PCU336411336411,laplace,4.729615,0.001194,150,monthly
PCU336411336411,clf8,4.817744,0.001157,150,monthly
IPG334S,laplace,3.225921,0.005417,150,monthly
IPG334S,clf8,3.021751,0.005434,150,monthly
H8B1001NCBCMG,laplace,-2.765114,2.073260,150,monthly
H8B1001NCBCMG,clf8,-2.853834,2.047581,150,monthly
CUUR0000SAF11,laplace,4.089250,0.002231,150,monthly
CUUR0000SAF11,clf8,3.820106,0.002285,150,monthly
CPALTT01USM659N,laplace,-0.384980,0.194016,150,monthly
CPALTT01USM659N,clf8,-0.607474,0.202488,150,monthly
PCU325412325412,laplace,4.008441,0.002507,150,monthly
PCU325412325412,clf8,3.824654,0.003362,150,monthly
CUUR0000SETC,laplace,3.883473,0.002847,150,monthly
CUUR0000SETC,clf8,3.491254,0.002813,150,monthly
PCU3331313331319,laplace,4.696655,0.004024,150,monthly
PCU3331313331319,clf8,3.870281,0.003889,150,monthly
STLPPM,laplace,-0.831924,0.310749,150,monthly
STLPPM,clf8,-0.847093,0.298353,150,monthly
CANA,laplace,3.960229,0.003993,150,monthly
CANA,clf8,3.810755,0.003310,150,monthly
MSUR,laplace,3.653688,0.023553,150,monthly
MSUR,clf8,1.388884,0.032847,150,monthly
LNS14000001,laplace,2.069288,0.036734,150,monthly
LNS14000001,clf8,1.221062,0.031422,150,monthly
APU0000711415,laplace,0.672417,0.068363,150,monthly
APU0000711415,clf8,0.783046,0.055858,150,monthly
TB3SMFFM,laplace,1.477257,0.046192,150,monthly
TB3SMFFM,clf8,0.984794,0.045257,150,monthly
IRLTLT01ESM156N,laplace,0.022399,0.118013,150,monthly
IRLTLT01ESM156N,clf8,-0.442513,0.105753,150,monthly
LREM64TTUSM156S,laplace,3.906161,0.003953,150,monthly
LREM64TTUSM156S,clf8,3.499274,0.003200,150,monthly
AURUKM,laplace,4.383720,0.008423,150,monthly
AURUKM,clf8,2.513635,0.009261,150,monthly
A229RC0,laplace,3.528240,0.007806,150,monthly
A229RC0,clf8,3.445477,0.007371,150,monthly
CUSR0000SAS,laplace,5.296839,0.000703,150,monthly
CUSR0000SAS,clf8,5.080521,0.000801,150,monthly
USEHS,laplace,4.565626,0.002502,150,monthly
USEHS,clf8,3.784713,0.002147,150,monthly
CFNAIDIFF,laplace,0.556746,0.076453,150,monthly
CFNAIDIFF,clf8,0.361852,0.067472,150,monthly
LNU00024230,laplace,5.858642,0.000489,150,monthly
LNU00024230,clf8,5.312265,0.000669,150,monthly
HQMCB10YRP,laplace,1.600147,0.026997,150,monthly
HQMCB10YRP,clf8,1.596406,0.027025,150,monthly
MVGFD027MNFRBDAL,laplace,3.016983,0.006615,150,monthly
MVGFD027MNFRBDAL,clf8,2.807527,0.006549,150,monthly
IR3TIB01CAM156N,laplace,0.654640,0.085869,150,monthly
IR3TIB01CAM156N,clf8,0.643899,0.079142,150,monthly
IPN3311A2RS,laplace,2.170907,0.016141,150,monthly
IPN3311A2RS,clf8,2.146080,0.015591,150,monthly
OHUR,laplace,2.810306,0.033175,150,monthly
OHUR,clf8,1.490388,0.036849,150,monthly
NJUR,laplace,2.700862,0.036483,150,monthly
NJUR,clf8,1.874283,0.034944,150,monthly
UNDCON1USA,laplace,3.107262,0.005980,150,monthly
UNDCON1USA,clf8,2.891639,0.006307,150,monthly
CAPUTLG3311A2S,laplace,2.074244,0.016889,150,monthly
CAPUTLG3311A2S,clf8,1.979264,0.016879,150,monthly
UEMPMED,laplace,0.831917,0.068070,150,monthly
UEMPMED,clf8,0.497791,0.055046,150,monthly
HOUST1FNSA,laplace,0.912644,0.053518,150,monthly
HOUST1FNSA,clf8,0.877872,0.051025,150,monthly
DEUCPIALLMINMEI,laplace,4.524448,0.001977,150,monthly
DEUCPIALLMINMEI,clf8,3.742168,0.002278,150,monthly
PCU327320327320,laplace,3.640048,0.003576,150,monthly
PCU327320327320,clf8,3.282492,0.003530,150,monthly
