series,method,logpdf
DCOILBRENTEU,PyMC-sandwich,2.148876
DEXNOUS,PyMC-sandwich,3.698268
DEXVZUS,PyMC-sandwich,4.088015
DTWEXBGS,PyMC-sandwich,4.448258
IHLCHGFRTPREALESTA,PyMC-sandwich,-0.776899
IHLIDXFRTPLOST,PyMC-sandwich,4.968824
NASDAQAUSCS,PyMC-sandwich,3.087850
NASDAQBFW,PyMC-sandwich,4.055844
NASDAQCELSI,PyMC-sandwich,3.098380
NASDAQCPQINTR,PyMC-sandwich,2.918189
NASDAQDAACADNTRMH,PyMC-sandwich,3.627037
NASDAQDAAXMLPREITTR,PyMC-sandwich,3.617291
NASDAQDRBN,PyMC-sandwich,3.284118
NASDAQDVGCADTR,PyMC-sandwich,3.514566
NASDAQENDOWPR,PyMC-sandwich,3.498958
NASDAQFNSEEURPI,PyMC-sandwich,3.323348
NASDAQGRNWATUSLX,PyMC-sandwich,3.149624
NASDAQHXCX,PyMC-sandwich,2.700074
NASDAQIXFTR,PyMC-sandwich,2.995566
NASDAQN10EURPI,PyMC-sandwich,2.786962
NASDAQN30EURPI,PyMC-sandwich,3.205367
NASDAQN4050EURPI,PyMC-sandwich,2.927151
NASDAQN5020EURPI,PyMC-sandwich,3.029452
NASDAQN65EURPI,PyMC-sandwich,2.599057
NASDAQNCXN,PyMC-sandwich,2.613390
NASDAQNCXTEUR,PyMC-sandwich,2.619336
NASDAQNDXDWAT,PyMC-sandwich,2.656674
NASDAQNDXEHKD,PyMC-sandwich,3.152932
NASDAQNDXESG07,PyMC-sandwich,2.913767
NASDAQNDXESG25,PyMC-sandwich,3.044656
NASDAQNDXGBPMH,PyMC-sandwich,3.058526
NASDAQNDXT2D,PyMC-sandwich,2.673370
NASDAQNETRAUDMH,PyMC-sandwich,3.157998
NASDAQNETRJPYMH,PyMC-sandwich,3.146600
NASDAQNETRNNRHKD,PyMC-sandwich,3.152038
NASDAQNGXESG02,PyMC-sandwich,2.911758
NASDAQNGXESG17,PyMC-sandwich,2.837198
NASDAQNGXG12MH,PyMC-sandwich,2.923695
NASDAQNGXNGBP,PyMC-sandwich,3.062756
NASDAQNOMXIREALTA,PyMC-sandwich,5.262269
NASDAQNOMXNBISEKNI,PyMC-sandwich,3.317875
NASDAQNOMXNCRSEKNI,PyMC-sandwich,3.048107
NASDAQNOMXNHCSEKNI,PyMC-sandwich,2.913813
NASDAQNOMXNINSEKNI,PyMC-sandwich,3.019928
NASDAQNOMXNTISEKNI,PyMC-sandwich,3.005745
NASDAQNQ10HANDLTL,PyMC-sandwich,3.443705
NASDAQNQ7HANDLLE,PyMC-sandwich,3.850984
NASDAQNQASIA10LMN,PyMC-sandwich,2.632866
NASDAQNQASIA20LMN,PyMC-sandwich,3.108025
NASDAQNQASIA35LMN,PyMC-sandwich,3.206940
NASDAQNQASIA45LMN,PyMC-sandwich,3.541193
NASDAQNQASIA55LMN,PyMC-sandwich,2.932887
NASDAQNQASIA65LMN,PyMC-sandwich,3.469205
NASDAQNQASPA10LMT,PyMC-sandwich,2.646660
NASDAQNQASPA20LMT,PyMC-sandwich,3.144775
NASDAQNQASPA3020LMN,PyMC-sandwich,3.088708
NASDAQNQASPA30LMT,PyMC-sandwich,3.277450
NASDAQNQASPA4010LMT,PyMC-sandwich,2.867828
NASDAQNQASPA4030LMT,PyMC-sandwich,2.598143
NASDAQNQASPA4050LMT,PyMC-sandwich,3.190924
NASDAQNQASPA4510LMT,PyMC-sandwich,3.586826
NASDAQNQASPA45N,PyMC-sandwich,3.617817
NASDAQNQASPA5020LMT,PyMC-sandwich,2.926460
NASDAQNQASPA5510LMT,PyMC-sandwich,2.771888
NASDAQNQASPA55N,PyMC-sandwich,2.877737
NASDAQNQASPA65N,PyMC-sandwich,3.512742
NASDAQNQASPASC,PyMC-sandwich,3.265181
NASDAQNQAT30N,PyMC-sandwich,2.684745
NASDAQNQATSC,PyMC-sandwich,2.792148
NASDAQNQAU20LM,PyMC-sandwich,2.606774
NASDAQNQAU35LM,PyMC-sandwich,2.875271
NASDAQNQAU45N,PyMC-sandwich,3.252364
NASDAQNQAU55N,PyMC-sandwich,2.566981
NASDAQNQAU65N,PyMC-sandwich,3.009811
NASDAQNQAUSC,PyMC-sandwich,3.007540
NASDAQNQBE30N,PyMC-sandwich,3.043937
NASDAQNQBELCN,PyMC-sandwich,3.062420
NASDAQNQBET,PyMC-sandwich,3.228680
NASDAQNQBR30LM,PyMC-sandwich,2.613829
NASDAQNQBR40N,PyMC-sandwich,2.414889
NASDAQNQBR50N,PyMC-sandwich,2.670649
NASDAQNQBR60N,PyMC-sandwich,2.708386
NASDAQNQBRIC10LMT,PyMC-sandwich,2.748101
NASDAQNQBRIC20LMT,PyMC-sandwich,2.986223
NASDAQNQBRIC35LMT,PyMC-sandwich,2.836218
NASDAQNQBRIC45LMT,PyMC-sandwich,3.463908
NASDAQNQBRIC55LMT,PyMC-sandwich,2.926354
NASDAQNQBRIC65LMT,PyMC-sandwich,3.211289
NASDAQNQBRLMN,PyMC-sandwich,2.821854
NASDAQNQCA10LM,PyMC-sandwich,2.342070
NASDAQNQCA30LM,PyMC-sandwich,3.300332
NASDAQNQCA40LM,PyMC-sandwich,3.193564
NASDAQNQCA50LM,PyMC-sandwich,3.111394
NASDAQNQCA60LM,PyMC-sandwich,3.162297
NASDAQNQCADIVT,PyMC-sandwich,3.909525
NASDAQNQCASCN,PyMC-sandwich,3.068741
NASDAQNQCH20T,PyMC-sandwich,3.016349
NASDAQNQCH40T,PyMC-sandwich,2.615429
NASDAQNQCH50T,PyMC-sandwich,2.922766
NASDAQNQCHMCT,PyMC-sandwich,3.177213
NASDAQNQCL30T,PyMC-sandwich,2.629657
NASDAQNQCL65LMN,PyMC-sandwich,2.750469
NASDAQNQCLMCT,PyMC-sandwich,2.552423
NASDAQNQCN10N,PyMC-sandwich,2.604078
NASDAQNQCN30N,PyMC-sandwich,2.939556
NASDAQNQCN40N,PyMC-sandwich,2.546592
NASDAQNQCN50N,PyMC-sandwich,2.940908
NASDAQNQCN60N,PyMC-sandwich,2.913076
NASDAQNQCNLMN,PyMC-sandwich,2.775170
NASDAQNQCNNEWHKDT,PyMC-sandwich,2.769279
NASDAQNQCO30N,PyMC-sandwich,2.593816
NASDAQNQCOMCN,PyMC-sandwich,2.450128
NASDAQNQDALIDET,PyMC-sandwich,3.080002
NASDAQNQDE20LM,PyMC-sandwich,2.751311
NASDAQNQDE35LM,PyMC-sandwich,2.655496
NASDAQNQDE45N,PyMC-sandwich,2.819795
NASDAQNQDE55N,PyMC-sandwich,2.880052
NASDAQNQDELMCADN,PyMC-sandwich,3.146918
NASDAQNQDELMT,PyMC-sandwich,3.088054
NASDAQNQDK20LMN,PyMC-sandwich,2.284033
NASDAQNQDM35,PyMC-sandwich,3.549849
NASDAQNQDMASPA35,PyMC-sandwich,3.358915
NASDAQNQDMEU10T,PyMC-sandwich,2.725506
NASDAQNQDMEU20T,PyMC-sandwich,3.063739
NASDAQNQDMEU3020N,PyMC-sandwich,3.080199
NASDAQNQDMEU30T,PyMC-sandwich,3.014828
NASDAQNQDMEU4010N,PyMC-sandwich,2.797142
NASDAQNQDMEU4030N,PyMC-sandwich,2.978036
NASDAQNQDMEU4050N,PyMC-sandwich,2.889921
NASDAQNQDMEU4510N,PyMC-sandwich,3.238882
NASDAQNQDMEU45T,PyMC-sandwich,3.296768
NASDAQNQDMEU5020N,PyMC-sandwich,2.954631
NASDAQNQDMEU5510N,PyMC-sandwich,2.534967
NASDAQNQDMEU55T,PyMC-sandwich,2.859463
NASDAQNQDMEU65T,PyMC-sandwich,3.169197
NASDAQNQDMEUSCN,PyMC-sandwich,3.242509
NASDAQNQDMXUS35,PyMC-sandwich,3.472946
NASDAQNQDXCHGBP,PyMC-sandwich,3.479855
NASDAQNQDXEMGBP,PyMC-sandwich,3.266385
NASDAQNQDXEUROMH,PyMC-sandwich,3.343030
NASDAQNQDXJPEUR,PyMC-sandwich,2.956589
NASDAQNQDXUSLCEUR,PyMC-sandwich,3.304621
NASDAQNQEG35T,PyMC-sandwich,2.582510
NASDAQNQEMASIA35T,PyMC-sandwich,3.190136
NASDAQNQEMEA15N,PyMC-sandwich,3.128418
NASDAQNQEMEA3010LMT,PyMC-sandwich,2.830558
NASDAQNQEMEA3030LMT,PyMC-sandwich,3.186758
NASDAQNQEMEA35N,PyMC-sandwich,3.171710
NASDAQNQEMEA4020LMT,PyMC-sandwich,2.859105
NASDAQNQEMEA4040LMT,PyMC-sandwich,2.898854
NASDAQNQEMEA40N,PyMC-sandwich,3.054108
NASDAQNQEMEA4520LMT,PyMC-sandwich,3.280497
NASDAQNQEMEA5010LMT,PyMC-sandwich,2.879272
NASDAQNQEMEA50N,PyMC-sandwich,2.983167
NASDAQNQEMEA5520LMT,PyMC-sandwich,3.165123
NASDAQNQEMEA60N,PyMC-sandwich,3.066229
NASDAQNQEMEALMN,PyMC-sandwich,3.271832
NASDAQNQEMEU15LM,PyMC-sandwich,2.923394
NASDAQNQEMEU3010LMT,PyMC-sandwich,2.747420
NASDAQNQEMEU35N,PyMC-sandwich,2.336821
NASDAQNQEMEU4050,PyMC-sandwich,2.588002
NASDAQNQEMEU4520,PyMC-sandwich,2.845152
NASDAQNQEMEU5020,PyMC-sandwich,2.537567
NASDAQNQEMEU5520N,PyMC-sandwich,2.402764
NASDAQNQEMEU65LM,PyMC-sandwich,2.956026
NASDAQNQEMEUMCT,PyMC-sandwich,3.001124
NASDAQNQEU10,PyMC-sandwich,2.727071
NASDAQNQEU20LMN,PyMC-sandwich,3.051392
NASDAQNQEU3020LMT,PyMC-sandwich,3.068248
NASDAQNQEU35,PyMC-sandwich,3.118919
NASDAQNQEU4030,PyMC-sandwich,2.977211
NASDAQNQEU4050LMT,PyMC-sandwich,2.841328
NASDAQNQEU4520N,PyMC-sandwich,3.284648
NASDAQNQEU5020LMT,PyMC-sandwich,2.926691
NASDAQNQEU5510T,PyMC-sandwich,2.538962
NASDAQNQEU60N,PyMC-sandwich,3.052932
NASDAQNQEUMC,PyMC-sandwich,3.281178
NASDAQNQEUROLMCADN,PyMC-sandwich,3.216423
NASDAQNQEUROZ10,PyMC-sandwich,2.646802
NASDAQNQEUROZ20T,PyMC-sandwich,3.045921
NASDAQNQEUROZ3030,PyMC-sandwich,3.118969
NASDAQNQEUROZ35T,PyMC-sandwich,3.033892
NASDAQNQEUROZ4020T,PyMC-sandwich,2.793068
NASDAQNQEUROZ4040T,PyMC-sandwich,2.839751
NASDAQNQEUROZ4510LM,PyMC-sandwich,3.053638
NASDAQNQEUROZ50,PyMC-sandwich,2.885769
NASDAQNQEUROZ50N,PyMC-sandwich,2.887895
NASDAQNQEUROZ55LM,PyMC-sandwich,3.052165
NASDAQNQEUROZ65LMN,PyMC-sandwich,3.152594
NASDAQNQFGSLAUDMH,PyMC-sandwich,3.439545
NASDAQNQGB35N,PyMC-sandwich,2.929348
NASDAQNQHK35T,PyMC-sandwich,2.950103
NASDAQNQJP35N,PyMC-sandwich,3.048284
NASDAQNQMEA35LMN,PyMC-sandwich,2.947336
NASDAQNQNA35N,PyMC-sandwich,3.320349
NASDAQNQSE35LMN,PyMC-sandwich,2.547950
NASDAQNQTH35T,PyMC-sandwich,2.776639
NASDAQNQUSB35101010,PyMC-sandwich,2.508896
NASDAQNQUSB351010N,PyMC-sandwich,2.699402
NASDAQNQUSB35T,PyMC-sandwich,3.308422
NASDAQNQUSL35T,PyMC-sandwich,3.272964
NASDAQNQUSM351010N,PyMC-sandwich,2.471808
NASDAQNQUSS35101010,PyMC-sandwich,2.507526
NASDAQNQUSS35T,PyMC-sandwich,3.151062
NASDAQNQXAUEAUDTMH,PyMC-sandwich,3.145981
NASDAQOMXNLCEURPI,PyMC-sandwich,3.209379
NASDAQXAG,PyMC-sandwich,2.156634
NASDAQXNDXEUR,PyMC-sandwich,3.044056
NASDAQXOSX,PyMC-sandwich,2.501375
DCOILWTICO,PyMC-sandwich,-2.080124
DEXSDUS,PyMC-sandwich,3.654344
DGASNYH,PyMC-sandwich,2.307791
DTWEXEMEGS,PyMC-sandwich,4.568739
IHLCHGGBTPLOST,PyMC-sandwich,-0.718174
IHLIDXFRTPREALESTA,PyMC-sandwich,4.306158
NASDAQAUSCSGL,PyMC-sandwich,3.087900
NASDAQBXN,PyMC-sandwich,3.743405
NASDAQCELSIN,PyMC-sandwich,3.092024
NASDAQCPQITR,PyMC-sandwich,2.925961
NASDAQDAACADTR,PyMC-sandwich,3.596780
NASDAQDACA,PyMC-sandwich,3.832338
NASDAQDRBNNR,PyMC-sandwich,3.286751
NASDAQDVGCADTRNY4,PyMC-sandwich,3.522267
NASDAQEPW,PyMC-sandwich,4.121541
NASDAQFUM,PyMC-sandwich,2.600355
NASDAQGSOX,PyMC-sandwich,2.518486
NASDAQIFEDL,PyMC-sandwich,3.252008
NASDAQIXHC,PyMC-sandwich,2.971166
NASDAQN15EURGI,PyMC-sandwich,2.751342
NASDAQN35EURGI,PyMC-sandwich,2.999735
NASDAQN40EURGI,PyMC-sandwich,3.133790
NASDAQN50EURGI,PyMC-sandwich,3.036191
NASDAQNBI,PyMC-sandwich,2.852571
NASDAQNCXNAUD,PyMC-sandwich,2.644501
NASDAQNCXTGBP,PyMC-sandwich,2.654646
NASDAQNDXE,PyMC-sandwich,3.156292
NASDAQNDXEHKDMH,PyMC-sandwich,3.159042
NASDAQNDXESG11,PyMC-sandwich,3.084837
NASDAQNDXESG26,PyMC-sandwich,3.015849
NASDAQNDXHKD,PyMC-sandwich,3.058999
NASDAQNDXTMC,PyMC-sandwich,2.812445
NASDAQNETRCAD,PyMC-sandwich,3.163227
NASDAQNETRNNR,PyMC-sandwich,3.156000
NASDAQNETRNNRHKDMH,PyMC-sandwich,3.153808
NASDAQNGXESG03,PyMC-sandwich,2.875081
NASDAQNGXESG21,PyMC-sandwich,2.935919
NASDAQNGXG22MH,PyMC-sandwich,2.921829
NASDAQNGXNHKD,PyMC-sandwich,3.015941
NASDAQNOMXN120,PyMC-sandwich,3.244687
NASDAQNOMXNCO,PyMC-sandwich,3.413222
NASDAQNOMXNEN,PyMC-sandwich,2.764991
NASDAQNOMXNIC,PyMC-sandwich,2.949501
NASDAQNOMXNMA,PyMC-sandwich,2.882061
NASDAQNOMXNTP,PyMC-sandwich,2.733470
NASDAQNQ2045,PyMC-sandwich,2.963978
NASDAQNQ7HANDLN,PyMC-sandwich,4.132483
NASDAQNQASIA10LMT,PyMC-sandwich,2.632249
NASDAQNQASIA20LMT,PyMC-sandwich,3.107801
NASDAQNQASIA35LMT,PyMC-sandwich,3.212664
NASDAQNQASIA45LMT,PyMC-sandwich,3.551188
NASDAQNQASIA55LMT,PyMC-sandwich,2.940890
NASDAQNQASIA65LMT,PyMC-sandwich,3.467730
NASDAQNQASPA10N,PyMC-sandwich,2.656499
NASDAQNQASPA20N,PyMC-sandwich,3.133729
NASDAQNQASPA3020LMT,PyMC-sandwich,3.095043
NASDAQNQASPA30N,PyMC-sandwich,3.267528
NASDAQNQASPA4010N,PyMC-sandwich,2.892475
NASDAQNQASPA4030N,PyMC-sandwich,3.164301
NASDAQNQASPA4050N,PyMC-sandwich,3.305337
NASDAQNQASPA4510N,PyMC-sandwich,3.634321
NASDAQNQASPA45T,PyMC-sandwich,3.613927
NASDAQNQASPA5020N,PyMC-sandwich,2.978384
NASDAQNQASPA5510N,PyMC-sandwich,2.763200
NASDAQNQASPA55T,PyMC-sandwich,2.873771
NASDAQNQASPA65T,PyMC-sandwich,3.510863
NASDAQNQASPASCN,PyMC-sandwich,3.262842
NASDAQNQAT30T,PyMC-sandwich,2.681211
NASDAQNQATSCN,PyMC-sandwich,2.789868
NASDAQNQAU20LMN,PyMC-sandwich,2.607740
NASDAQNQAU35LMN,PyMC-sandwich,2.878430
NASDAQNQAU45T,PyMC-sandwich,3.246506
NASDAQNQAU55T,PyMC-sandwich,2.565332
NASDAQNQAU65T,PyMC-sandwich,3.012903
NASDAQNQAUSCN,PyMC-sandwich,3.009207
NASDAQNQBE30T,PyMC-sandwich,3.041930
NASDAQNQBELCT,PyMC-sandwich,3.067230
NASDAQNQBR,PyMC-sandwich,2.807822
NASDAQNQBR30LMN,PyMC-sandwich,2.618313
NASDAQNQBR40T,PyMC-sandwich,2.414582
NASDAQNQBR50T,PyMC-sandwich,2.668091
NASDAQNQBR60T,PyMC-sandwich,2.713227
NASDAQNQBRIC10N,PyMC-sandwich,2.760577
NASDAQNQBRIC20N,PyMC-sandwich,2.947041
NASDAQNQBRIC35N,PyMC-sandwich,2.956391
NASDAQNQBRIC45N,PyMC-sandwich,3.487011
NASDAQNQBRIC55N,PyMC-sandwich,2.952388
NASDAQNQBRIC65N,PyMC-sandwich,3.251104
NASDAQNQBRLMT,PyMC-sandwich,2.818613
NASDAQNQCA10LMN,PyMC-sandwich,2.344012
NASDAQNQCA30LMN,PyMC-sandwich,3.304114
NASDAQNQCA40LMN,PyMC-sandwich,3.193472
NASDAQNQCA50LMN,PyMC-sandwich,3.117219
NASDAQNQCA60LMN,PyMC-sandwich,3.167309
NASDAQNQCALC,PyMC-sandwich,3.316899
NASDAQNQCASCT,PyMC-sandwich,3.070036
NASDAQNQCH30,PyMC-sandwich,3.124754
NASDAQNQCH45,PyMC-sandwich,3.004296
NASDAQNQCH55,PyMC-sandwich,2.908883
NASDAQNQCHN,PyMC-sandwich,3.301001
NASDAQNQCL40,PyMC-sandwich,2.502846
NASDAQNQCL65LMT,PyMC-sandwich,2.756107
NASDAQNQCLN,PyMC-sandwich,2.736878
NASDAQNQCN10T,PyMC-sandwich,2.595139
NASDAQNQCN30T,PyMC-sandwich,2.936624
NASDAQNQCN40T,PyMC-sandwich,2.547274
NASDAQNQCN50T,PyMC-sandwich,2.948786
NASDAQNQCN60T,PyMC-sandwich,2.903650
NASDAQNQCNLMT,PyMC-sandwich,2.768436
NASDAQNQCNNEWN,PyMC-sandwich,2.757987
NASDAQNQCO30T,PyMC-sandwich,2.596647
NASDAQNQCOMCT,PyMC-sandwich,2.453480
NASDAQNQDALIIE,PyMC-sandwich,3.148914
NASDAQNQDE20LMN,PyMC-sandwich,2.746583
NASDAQNQDE35LMN,PyMC-sandwich,2.673388
NASDAQNQDE45T,PyMC-sandwich,2.825475
NASDAQNQDE55T,PyMC-sandwich,2.889285
NASDAQNQDELMCADT,PyMC-sandwich,3.146294
NASDAQNQDEMC,PyMC-sandwich,3.064933
NASDAQNQDK20LMT,PyMC-sandwich,2.286584
NASDAQNQDM35LM,PyMC-sandwich,3.477590
NASDAQNQDMASPA35LM,PyMC-sandwich,3.165064
NASDAQNQDMEU15,PyMC-sandwich,3.084375
NASDAQNQDMEU30,PyMC-sandwich,3.011657
NASDAQNQDMEU3020T,PyMC-sandwich,3.082198
NASDAQNQDMEU35,PyMC-sandwich,3.115989
NASDAQNQDMEU4010T,PyMC-sandwich,2.795681
NASDAQNQDMEU4030T,PyMC-sandwich,2.977465
NASDAQNQDMEU4050T,PyMC-sandwich,2.889559
NASDAQNQDMEU4510T,PyMC-sandwich,3.239867
NASDAQNQDMEU50,PyMC-sandwich,2.967686
NASDAQNQDMEU5020T,PyMC-sandwich,2.951318
NASDAQNQDMEU5510T,PyMC-sandwich,2.530604
NASDAQNQDMEU60,PyMC-sandwich,3.046103
NASDAQNQDMEULC,PyMC-sandwich,3.258040
NASDAQNQDMEUSCT,PyMC-sandwich,3.232857
NASDAQNQDMXUS35N,PyMC-sandwich,3.469219
NASDAQNQDXCHGBPN,PyMC-sandwich,3.495322
NASDAQNQDXEMGBPN,PyMC-sandwich,3.266593
NASDAQNQDXEURON,PyMC-sandwich,3.144226
NASDAQNQDXJPEURMH,PyMC-sandwich,2.958702
NASDAQNQDXUSLCEURN,PyMC-sandwich,3.310852
NASDAQNQEM35,PyMC-sandwich,3.352621
NASDAQNQEMEA,PyMC-sandwich,3.281446
NASDAQNQEMEA15T,PyMC-sandwich,3.126101
NASDAQNQEMEA3010N,PyMC-sandwich,2.842019
NASDAQNQEMEA3030N,PyMC-sandwich,3.197768
NASDAQNQEMEA35T,PyMC-sandwich,3.173660
NASDAQNQEMEA4020N,PyMC-sandwich,2.901787
NASDAQNQEMEA4040N,PyMC-sandwich,2.997011
NASDAQNQEMEA40T,PyMC-sandwich,3.059013
NASDAQNQEMEA4520N,PyMC-sandwich,3.311177
NASDAQNQEMEA5010N,PyMC-sandwich,2.926586
NASDAQNQEMEA50T,PyMC-sandwich,2.978634
NASDAQNQEMEA5520N,PyMC-sandwich,3.156019
NASDAQNQEMEA60T,PyMC-sandwich,3.060605
NASDAQNQEMEALMT,PyMC-sandwich,3.267685
NASDAQNQEMEU15LMN,PyMC-sandwich,2.926866
NASDAQNQEMEU3010N,PyMC-sandwich,2.757011
NASDAQNQEMEU35T,PyMC-sandwich,2.335018
NASDAQNQEMEU4050N,PyMC-sandwich,2.584380
NASDAQNQEMEU4520N,PyMC-sandwich,2.850509
NASDAQNQEMEU5020N,PyMC-sandwich,2.543301
NASDAQNQEMEU5520T,PyMC-sandwich,2.401483
NASDAQNQEMEU65LMN,PyMC-sandwich,2.961501
NASDAQNQEMEUSC,PyMC-sandwich,2.957790
NASDAQNQEU10LM,PyMC-sandwich,2.695628
NASDAQNQEU20LMT,PyMC-sandwich,3.054740
NASDAQNQEU3020N,PyMC-sandwich,3.093447
NASDAQNQEU35LM,PyMC-sandwich,3.080635
NASDAQNQEU4030LM,PyMC-sandwich,2.921471
NASDAQNQEU4050T,PyMC-sandwich,2.908818
NASDAQNQEU45LM,PyMC-sandwich,3.284674
NASDAQNQEU5020N,PyMC-sandwich,2.960965
NASDAQNQEU5520,PyMC-sandwich,3.147709
NASDAQNQEU60T,PyMC-sandwich,3.047576
NASDAQNQEUMCN,PyMC-sandwich,3.280692
NASDAQNQEUROLMCADT,PyMC-sandwich,3.217823
NASDAQNQEUROZ10LMT,PyMC-sandwich,2.632174
NASDAQNQEUROZ30,PyMC-sandwich,2.903635
NASDAQNQEUROZ3030LM,PyMC-sandwich,3.115010
NASDAQNQEUROZ40,PyMC-sandwich,2.969813
NASDAQNQEUROZ4030,PyMC-sandwich,2.873647
NASDAQNQEUROZ4050,PyMC-sandwich,2.773612
NASDAQNQEUROZ4510LMN,PyMC-sandwich,3.054996
NASDAQNQEUROZ5010,PyMC-sandwich,2.833880
NASDAQNQEUROZ55,PyMC-sandwich,3.031352
NASDAQNQEUROZ55LMT,PyMC-sandwich,3.048881
NASDAQNQEUROZ65LMT,PyMC-sandwich,3.152238
NASDAQNQFGSLNAUDMH,PyMC-sandwich,3.446171
NASDAQNQGB35T,PyMC-sandwich,2.930656
NASDAQNQID35,PyMC-sandwich,2.718931
NASDAQNQJP35T,PyMC-sandwich,3.047062
NASDAQNQMEA35N,PyMC-sandwich,2.968153
NASDAQNQNA35T,PyMC-sandwich,3.320341
NASDAQNQSE35LMT,PyMC-sandwich,2.548136
NASDAQNQTW35,PyMC-sandwich,3.069765
NASDAQNQUSB35101010N,PyMC-sandwich,2.500674
NASDAQNQUSB351010T,PyMC-sandwich,2.699225
NASDAQNQUSHEIEUR,PyMC-sandwich,3.210580
NASDAQNQUSL40204020EUR,PyMC-sandwich,2.420810
NASDAQNQUSM351010T,PyMC-sandwich,2.477205
NASDAQNQUSS35101010N,PyMC-sandwich,2.503152
NASDAQNQVWJDJ,PyMC-sandwich,3.247748
NASDAQNQXAUGLDAUDMH,PyMC-sandwich,2.303132
NASDAQOMXNMCEURPI,PyMC-sandwich,3.380902
NASDAQXAU,PyMC-sandwich,2.153507
NASDAQXNDXEURH,PyMC-sandwich,3.053961
NASDAQXXAU,PyMC-sandwich,2.156549
DEXMAUS,PyMC-sandwich,4.231423
DEXUSNZ,PyMC-sandwich,3.740169
DTWEXAFEGS,PyMC-sandwich,4.214470
IHLCHGDETPLOST,PyMC-sandwich,-0.980943
IHLIDXDETPLOST,PyMC-sandwich,5.575352
NASDAQABQI,PyMC-sandwich,2.829332
NASDAQBEWELLNR,PyMC-sandwich,3.022328
NASDAQCELSEWN,PyMC-sandwich,2.261939
NASDAQCOMPCADMH,PyMC-sandwich,3.076215
NASDAQDAACADMH,PyMC-sandwich,3.631425
NASDAQDAAXJPT,PyMC-sandwich,3.364233
NASDAQDRBGN,PyMC-sandwich,3.540263
NASDAQDVGCADNY4,PyMC-sandwich,3.520346
NASDAQEMCLOUDT,PyMC-sandwich,2.439491
NASDAQFNISEURPI,PyMC-sandwich,3.218573
NASDAQGRNWATUSL,PyMC-sandwich,3.144979
NASDAQHXC,PyMC-sandwich,2.696414
NASDAQIXCO,PyMC-sandwich,2.871443
NASDAQMNX1,PyMC-sandwich,3.061224
NASDAQN3030EURPI,PyMC-sandwich,3.389750
NASDAQN4040EURPI,PyMC-sandwich,2.944365
NASDAQN5010EURPI,PyMC-sandwich,2.964661
NASDAQN60EURPI,PyMC-sandwich,2.479522
NASDAQNCXHKD,PyMC-sandwich,2.613286
NASDAQNCXTCAD,PyMC-sandwich,2.599158
NASDAQNDXDWA,PyMC-sandwich,2.656550
NASDAQNDXEGBP,PyMC-sandwich,3.199429
NASDAQNDXESG05,PyMC-sandwich,3.049705
NASDAQNDXESG23,PyMC-sandwich,2.959528
NASDAQNDXG22MH,PyMC-sandwich,3.013466
NASDAQNDXS3,PyMC-sandwich,2.136489
NASDAQNETR,PyMC-sandwich,3.158805
NASDAQNETRHKDMH,PyMC-sandwich,3.155685
NASDAQNETRNNRGBP,PyMC-sandwich,3.199361
NASDAQNGXESG,PyMC-sandwich,2.911396
NASDAQNGXESG15,PyMC-sandwich,2.949919
NASDAQNGXEUR,PyMC-sandwich,3.008217
NASDAQNGXNCHF,PyMC-sandwich,2.988224
NASDAQNGXTHKD,PyMC-sandwich,3.016675
NASDAQNOMXNBISEK,PyMC-sandwich,3.317702
NASDAQNOMXNCRSEK,PyMC-sandwich,3.053565
NASDAQNOMXNHCSEK,PyMC-sandwich,2.918554
NASDAQNOMXNINSEK,PyMC-sandwich,3.023148
NASDAQNOMXNTISEK,PyMC-sandwich,3.011493
NASDAQNQ10HANDLL,PyMC-sandwich,3.412566
NASDAQNQ7HANDL,PyMC-sandwich,4.106026
NASDAQNQASIA10,PyMC-sandwich,2.653123
NASDAQNQASIA20,PyMC-sandwich,3.104194
NASDAQNQASIA35,PyMC-sandwich,3.380725
NASDAQNQASIA45,PyMC-sandwich,3.573996
NASDAQNQASIA55,PyMC-sandwich,2.969610
NASDAQNQASIA65,PyMC-sandwich,3.456989
NASDAQNQASPA10LM,PyMC-sandwich,2.636608
NASDAQNQASPA20LM,PyMC-sandwich,3.140735
NASDAQNQASPA3020,PyMC-sandwich,3.100804
NASDAQNQASPA30LM,PyMC-sandwich,3.283367
NASDAQNQASPA4010LM,PyMC-sandwich,2.857955
NASDAQNQASPA4030LM,PyMC-sandwich,2.594049
NASDAQNQASPA4050LM,PyMC-sandwich,3.192286
NASDAQNQASPA4510LM,PyMC-sandwich,3.581638
NASDAQNQASPA45LMN,PyMC-sandwich,3.602884
NASDAQNQASPA5020LM,PyMC-sandwich,2.920789
NASDAQNQASPA5510LM,PyMC-sandwich,2.762520
NASDAQNQASPA55LMN,PyMC-sandwich,2.869399
NASDAQNQASPA65LMN,PyMC-sandwich,3.504952
NASDAQNQASPAMCT,PyMC-sandwich,3.216732
NASDAQNQAT,PyMC-sandwich,2.941220
NASDAQNQATMCT,PyMC-sandwich,3.027920
NASDAQNQAU15T,PyMC-sandwich,3.253911
NASDAQNQAU30T,PyMC-sandwich,2.989552
NASDAQNQAU40T,PyMC-sandwich,3.005270
NASDAQNQAU55LMN,PyMC-sandwich,2.587192
NASDAQNQAU65LMN,PyMC-sandwich,2.769719
NASDAQNQAUMCT,PyMC-sandwich,3.294123
NASDAQNQBE30LMN,PyMC-sandwich,3.036831
NASDAQNQBE55T,PyMC-sandwich,2.617503
NASDAQNQBESCN,PyMC-sandwich,3.263583
NASDAQNQBR20T,PyMC-sandwich,2.488655
NASDAQNQBR40LMN,PyMC-sandwich,2.346111
NASDAQNQBR50LMN,PyMC-sandwich,2.644295
NASDAQNQBR60LMN,PyMC-sandwich,2.709196
NASDAQNQBRIC10LM,PyMC-sandwich,2.747567
NASDAQNQBRIC20LM,PyMC-sandwich,2.986484
NASDAQNQBRIC35LM,PyMC-sandwich,2.836877
NASDAQNQBRIC45LM,PyMC-sandwich,3.451509
NASDAQNQBRIC55LM,PyMC-sandwich,2.924984
NASDAQNQBRIC65LM,PyMC-sandwich,3.208926
NASDAQNQBRLCT,PyMC-sandwich,2.833960
NASDAQNQCA,PyMC-sandwich,3.319851
NASDAQNQCA20T,PyMC-sandwich,2.769575
NASDAQNQCA35T,PyMC-sandwich,3.358363
NASDAQNQCA45T,PyMC-sandwich,3.151778
NASDAQNQCA55T,PyMC-sandwich,2.363807
NASDAQNQCA65T,PyMC-sandwich,3.621967
NASDAQNQCAN,PyMC-sandwich,3.317909
NASDAQNQCH20LMT,PyMC-sandwich,3.012354
NASDAQNQCH40,PyMC-sandwich,2.609254
NASDAQNQCH50LMT,PyMC-sandwich,2.901624
NASDAQNQCHMC,PyMC-sandwich,3.175542
NASDAQNQCL30LMT,PyMC-sandwich,2.624621
NASDAQNQCL65,PyMC-sandwich,2.826860
NASDAQNQCLMC,PyMC-sandwich,2.550628
NASDAQNQCN10LMN,PyMC-sandwich,2.597607
NASDAQNQCN30LMN,PyMC-sandwich,2.933972
NASDAQNQCN40LMN,PyMC-sandwich,2.525461
NASDAQNQCN50LMN,PyMC-sandwich,2.842664
NASDAQNQCN60LMN,PyMC-sandwich,2.877631
NASDAQNQCNLCT,PyMC-sandwich,2.738002
NASDAQNQCNNEWHKD,PyMC-sandwich,2.761738
NASDAQNQCO30LMN,PyMC-sandwich,2.548406
NASDAQNQCOLMT,PyMC-sandwich,2.547018
NASDAQNQDALI,PyMC-sandwich,3.042494
NASDAQNQDE10T,PyMC-sandwich,2.573402
NASDAQNQDE30T,PyMC-sandwich,3.034553
NASDAQNQDE40T,PyMC-sandwich,2.885483
NASDAQNQDE55LMN,PyMC-sandwich,2.854375
NASDAQNQDELMAUDT,PyMC-sandwich,3.279059
NASDAQNQDELMJPYT,PyMC-sandwich,3.089622
NASDAQNQDK20,PyMC-sandwich,2.324912
NASDAQNQDK50LMT,PyMC-sandwich,2.679455
NASDAQNQDMASIA35N,PyMC-sandwich,3.321413
NASDAQNQDMEU10LMT,PyMC-sandwich,2.693577
NASDAQNQDMEU20LMT,PyMC-sandwich,3.049219
NASDAQNQDMEU3020LMN,PyMC-sandwich,3.056915
NASDAQNQDMEU30LMT,PyMC-sandwich,2.992513
NASDAQNQDMEU4010LMN,PyMC-sandwich,2.793796
NASDAQNQDMEU4030LMN,PyMC-sandwich,2.923342
NASDAQNQDMEU4050LMN,PyMC-sandwich,2.815231
NASDAQNQDMEU4510LMN,PyMC-sandwich,3.217924
NASDAQNQDMEU45LMT,PyMC-sandwich,3.279677
NASDAQNQDMEU5020LMN,PyMC-sandwich,2.917762
NASDAQNQDMEU5510LMN,PyMC-sandwich,2.581085
NASDAQNQDMEU55LMT,PyMC-sandwich,2.895739
NASDAQNQDMEU65LMT,PyMC-sandwich,3.153605
NASDAQNQDMEUN,PyMC-sandwich,3.279737
NASDAQNQDMMEA35N,PyMC-sandwich,2.581190
NASDAQNQDXCHEURN,PyMC-sandwich,3.476865
NASDAQNQDXEMEURN,PyMC-sandwich,3.239652
NASDAQNQDXEUROGBPN,PyMC-sandwich,3.370912
NASDAQNQDXGBGBPN,PyMC-sandwich,3.406969
NASDAQNQDXJPJPYN,PyMC-sandwich,2.970825
NASDAQNQDXUSSCGBPN,PyMC-sandwich,3.014803
NASDAQNQEMASIA35LMT,PyMC-sandwich,3.085363
NASDAQNQEMEA15LMN,PyMC-sandwich,3.087780
NASDAQNQEMEA3010LM,PyMC-sandwich,2.828402
NASDAQNQEMEA3030LM,PyMC-sandwich,3.189342
NASDAQNQEMEA35LMN,PyMC-sandwich,3.134369
NASDAQNQEMEA4020LM,PyMC-sandwich,2.858355
NASDAQNQEMEA4040LM,PyMC-sandwich,2.893356
NASDAQNQEMEA40LMN,PyMC-sandwich,3.014167
NASDAQNQEMEA4520LM,PyMC-sandwich,3.273154
NASDAQNQEMEA5010LM,PyMC-sandwich,2.876834
NASDAQNQEMEA50LMN,PyMC-sandwich,2.951980
NASDAQNQEMEA5520LM,PyMC-sandwich,3.167418
NASDAQNQEMEA60LMN,PyMC-sandwich,3.037555
NASDAQNQEMEALCT,PyMC-sandwich,3.250861
NASDAQNQEMEU,PyMC-sandwich,3.084727
NASDAQNQEMEU3010LM,PyMC-sandwich,2.761261
NASDAQNQEMEU30T,PyMC-sandwich,2.816900
NASDAQNQEMEU4040N,PyMC-sandwich,2.697953
NASDAQNQEMEU4510N,PyMC-sandwich,2.670711
NASDAQNQEMEU5010N,PyMC-sandwich,2.616139
NASDAQNQEMEU5510T,PyMC-sandwich,2.441157
NASDAQNQEMEU60T,PyMC-sandwich,2.856783
NASDAQNQEMEUMC,PyMC-sandwich,2.995517
NASDAQNQES35T,PyMC-sandwich,2.911118
NASDAQNQEU20,PyMC-sandwich,3.061000
NASDAQNQEU3020LM,PyMC-sandwich,3.059449
NASDAQNQEU30N,PyMC-sandwich,3.012116
NASDAQNQEU4020N,PyMC-sandwich,2.898050
NASDAQNQEU4050LM,PyMC-sandwich,2.838643
NASDAQNQEU4520LM,PyMC-sandwich,3.253764
NASDAQNQEU5020LM,PyMC-sandwich,2.923713
NASDAQNQEU5510LMT,PyMC-sandwich,2.583451
NASDAQNQEU60LMN,PyMC-sandwich,3.043179
NASDAQNQEULMN,PyMC-sandwich,3.269929
NASDAQNQEUROLMAUDT,PyMC-sandwich,3.390101
NASDAQNQEURON,PyMC-sandwich,3.176128
NASDAQNQEUROZ20LM,PyMC-sandwich,3.027170
NASDAQNQEUROZ3020N,PyMC-sandwich,3.235089
NASDAQNQEUROZ35LMT,PyMC-sandwich,2.962800
NASDAQNQEUROZ4020LMT,PyMC-sandwich,2.776901
NASDAQNQEUROZ4040LMT,PyMC-sandwich,2.734667
NASDAQNQEUROZ45,PyMC-sandwich,3.171503
NASDAQNQEUROZ45LMT,PyMC-sandwich,3.143966
NASDAQNQEUROZ50LMN,PyMC-sandwich,2.858916
NASDAQNQEUROZ5520N,PyMC-sandwich,3.087895
NASDAQNQEUROZ65,PyMC-sandwich,3.174765
NASDAQNQEUXGBLMT,PyMC-sandwich,3.212083
NASDAQNQGB35,PyMC-sandwich,2.937623
NASDAQNQHK35LMN,PyMC-sandwich,2.925767
NASDAQNQJP35LMN,PyMC-sandwich,2.642875
NASDAQNQMEA35,PyMC-sandwich,2.965516
NASDAQNQNA35LMN,PyMC-sandwich,3.300649
NASDAQNQSE35,PyMC-sandwich,2.763924
NASDAQNQTH35,PyMC-sandwich,2.772752
NASDAQNQUSB35,PyMC-sandwich,3.300076
NASDAQNQUSB351010LMN,PyMC-sandwich,2.648281
NASDAQNQUSB35LMT,PyMC-sandwich,3.301906
NASDAQNQUSL351020T,PyMC-sandwich,3.263305
NASDAQNQUSM35,PyMC-sandwich,3.247226
NASDAQNQUSS35,PyMC-sandwich,3.151128
NASDAQNQUSS351020T,PyMC-sandwich,3.200842
NASDAQNQXAUEAUDMH,PyMC-sandwich,3.148128
NASDAQOFIN,PyMC-sandwich,2.955340
NASDAQSX35GI,PyMC-sandwich,2.973060
NASDAQXNDXCADH,PyMC-sandwich,3.056982
NASDAQXNDXNNRJPY,PyMC-sandwich,2.949706
DEXMXUS,PyMC-sandwich,3.868745
DEXUSUK,PyMC-sandwich,4.046950
DTWEXB,PyMC-sandwich,4.731494
IHLCHGFRTPLOST,PyMC-sandwich,-0.629701
IHLIDXDETPREALESTA,PyMC-sandwich,4.621820
NASDAQABQX,PyMC-sandwich,2.830698
NASDAQBEWELLTR,PyMC-sandwich,3.025659
NASDAQCELSEWT,PyMC-sandwich,2.259297
NASDAQCPQI,PyMC-sandwich,2.913613
NASDAQDAACADNTR,PyMC-sandwich,3.593341
NASDAQDAAXMLPREIT,PyMC-sandwich,3.621242
NASDAQDRBGT,PyMC-sandwich,3.543079
NASDAQDVGCADNY4N,PyMC-sandwich,3.526099
NASDAQENDOW,PyMC-sandwich,3.507783
NASDAQFNSEEURGI,PyMC-sandwich,3.323216
NASDAQGRNWATUSLN,PyMC-sandwich,3.145771
NASDAQHXCNTR,PyMC-sandwich,2.697521
NASDAQIXF,PyMC-sandwich,2.993082
NASDAQN10EURGI,PyMC-sandwich,2.785342
NASDAQN30EURGI,PyMC-sandwich,3.204946
NASDAQN4050EURGI,PyMC-sandwich,2.915593
NASDAQN5020EURGI,PyMC-sandwich,3.024024
NASDAQN65EURGI,PyMC-sandwich,2.614751
NASDAQNCXJPY,PyMC-sandwich,2.586610
NASDAQNCXTCHF,PyMC-sandwich,2.604699
NASDAQNDXDWAN,PyMC-sandwich,2.654431
NASDAQNDXEGBPMH,PyMC-sandwich,3.154267
NASDAQNDXESG06,PyMC-sandwich,3.015890
NASDAQNDXESG24,PyMC-sandwich,3.004175
NASDAQNDXGBP,PyMC-sandwich,3.101418
NASDAQNDXT,PyMC-sandwich,2.676429
NASDAQNETRAUD,PyMC-sandwich,3.196620
NASDAQNETRJPY,PyMC-sandwich,3.085415
NASDAQNETRNNRGBPMH,PyMC-sandwich,3.155587
NASDAQNGXESG01,PyMC-sandwich,2.937195
NASDAQNGXESG16,PyMC-sandwich,2.907958
NASDAQNGXG02MH,PyMC-sandwich,2.923251
NASDAQNGXNEUR,PyMC-sandwich,3.007584
NASDAQNGXTJPY,PyMC-sandwich,2.953058
NASDAQNOMXNBISEKGI,PyMC-sandwich,3.313074
NASDAQNOMXNCRSEKGI,PyMC-sandwich,3.047255
NASDAQNOMXNHCSEKGI,PyMC-sandwich,2.914739
NASDAQNOMXNINSEKGI,PyMC-sandwich,3.018140
NASDAQNOMXNTISEKGI,PyMC-sandwich,3.007062
NASDAQNQ10HANDLNL,PyMC-sandwich,3.436611
NASDAQNQ7HANDLL,PyMC-sandwich,3.848546
NASDAQNQASIA10LM,PyMC-sandwich,2.634552
NASDAQNQASIA20LM,PyMC-sandwich,3.115104
NASDAQNQASIA35LM,PyMC-sandwich,3.204772
NASDAQNQASIA45LM,PyMC-sandwich,3.544940
NASDAQNQASIA55LM,PyMC-sandwich,2.941019
NASDAQNQASIA65LM,PyMC-sandwich,3.470090
NASDAQNQASPA10LMN,PyMC-sandwich,2.642948
NASDAQNQASPA20LMN,PyMC-sandwich,3.141967
NASDAQNQASPA3020LM,PyMC-sandwich,3.087962
NASDAQNQASPA30LMN,PyMC-sandwich,3.285870
NASDAQNQASPA4010LMN,PyMC-sandwich,2.866200
NASDAQNQASPA4030LMN,PyMC-sandwich,2.595186
NASDAQNQASPA4050LMN,PyMC-sandwich,3.185723
NASDAQNQASPA4510LMN,PyMC-sandwich,3.583691
NASDAQNQASPA45LMT,PyMC-sandwich,3.598076
NASDAQNQASPA5020LMN,PyMC-sandwich,2.930046
NASDAQNQASPA5510LMN,PyMC-sandwich,2.767629
NASDAQNQASPA55LMT,PyMC-sandwich,2.870175
NASDAQNQASPA65LMT,PyMC-sandwich,3.507318
NASDAQNQASPAN,PyMC-sandwich,3.149533
NASDAQNQAT30,PyMC-sandwich,2.687181
NASDAQNQATN,PyMC-sandwich,2.940938
NASDAQNQAU20,PyMC-sandwich,2.692630
NASDAQNQAU35,PyMC-sandwich,2.996810
NASDAQNQAU45,PyMC-sandwich,3.249094
NASDAQNQAU55LMT,PyMC-sandwich,2.579510
NASDAQNQAU65LMT,PyMC-sandwich,2.784000
NASDAQNQAUN,PyMC-sandwich,3.206343
NASDAQNQBE30LMT,PyMC-sandwich,3.041489
NASDAQNQBELC,PyMC-sandwich,3.057290
NASDAQNQBESCT,PyMC-sandwich,3.262939
NASDAQNQBR30,PyMC-sandwich,2.616786
NASDAQNQBR40LMT,PyMC-sandwich,2.349240
NASDAQNQBR50LMT,PyMC-sandwich,2.645949
NASDAQNQBR60LMT,PyMC-sandwich,2.708705
NASDAQNQBRIC10LMN,PyMC-sandwich,2.750161
NASDAQNQBRIC20LMN,PyMC-sandwich,2.983878
NASDAQNQBRIC35LMN,PyMC-sandwich,2.832725
NASDAQNQBRIC45LMN,PyMC-sandwich,3.456387
NASDAQNQBRIC55LMN,PyMC-sandwich,2.918777
NASDAQNQBRIC65LMN,PyMC-sandwich,3.209614
NASDAQNQBRLM,PyMC-sandwich,2.824704
NASDAQNQCA10,PyMC-sandwich,2.372610
NASDAQNQCA30,PyMC-sandwich,3.302947
NASDAQNQCA40,PyMC-sandwich,3.237052
NASDAQNQCA50,PyMC-sandwich,3.144233
NASDAQNQCA60,PyMC-sandwich,3.147057
NASDAQNQCADIV,PyMC-sandwich,3.907596
NASDAQNQCASC,PyMC-sandwich,3.074422
NASDAQNQCH20N,PyMC-sandwich,3.017170
NASDAQNQCH40N,PyMC-sandwich,2.615421
NASDAQNQCH50N,PyMC-sandwich,2.920960
NASDAQNQCHMCN,PyMC-sandwich,3.177889
NASDAQNQCL30N,PyMC-sandwich,2.632453
NASDAQNQCL65LM,PyMC-sandwich,2.744007
NASDAQNQCLMCN,PyMC-sandwich,2.551912
NASDAQNQCN10LMT,PyMC-sandwich,2.595632
NASDAQNQCN30LMT,PyMC-sandwich,2.937576
NASDAQNQCN40LMT,PyMC-sandwich,2.525490
NASDAQNQCN50LMT,PyMC-sandwich,2.840253
NASDAQNQCN60LMT,PyMC-sandwich,2.897509
NASDAQNQCNLM,PyMC-sandwich,2.762313
NASDAQNQCNNEWHKDN,PyMC-sandwich,2.763832
NASDAQNQCO30LMT,PyMC-sandwich,2.541730
NASDAQNQCOMC,PyMC-sandwich,2.447688
NASDAQNQDALIDE,PyMC-sandwich,3.080045
NASDAQNQDE20,PyMC-sandwich,2.778624
NASDAQNQDE35,PyMC-sandwich,2.694494
NASDAQNQDE45,PyMC-sandwich,2.817289
NASDAQNQDE55LMT,PyMC-sandwich,2.857234
NASDAQNQDELMCAD,PyMC-sandwich,3.146310
NASDAQNQDELMN,PyMC-sandwich,3.087597
NASDAQNQDK20LM,PyMC-sandwich,2.283083
NASDAQNQDK50N,PyMC-sandwich,2.832129
NASDAQNQDMASIA35T,PyMC-sandwich,3.326819
NASDAQNQDMEU10N,PyMC-sandwich,2.720156
NASDAQNQDMEU20N,PyMC-sandwich,3.060217
NASDAQNQDMEU3020LMT,PyMC-sandwich,3.060542
NASDAQNQDMEU30N,PyMC-sandwich,3.015754
NASDAQNQDMEU4010LMT,PyMC-sandwich,2.788859
NASDAQNQDMEU4030LMT,PyMC-sandwich,2.929991
NASDAQNQDMEU4050LMT,PyMC-sandwich,2.814397
NASDAQNQDMEU4510LMT,PyMC-sandwich,3.217010
NASDAQNQDMEU45N,PyMC-sandwich,3.299432
NASDAQNQDMEU5020LMT,PyMC-sandwich,2.921790
NASDAQNQDMEU5510LMT,PyMC-sandwich,2.588208
NASDAQNQDMEU55N,PyMC-sandwich,2.869060
NASDAQNQDMEU65N,PyMC-sandwich,3.170581
NASDAQNQDMEUSC,PyMC-sandwich,3.229862
NASDAQNQDMMEA35T,PyMC-sandwich,2.582549
NASDAQNQDXCHEURT,PyMC-sandwich,3.477354
NASDAQNQDXEMEURT,PyMC-sandwich,3.243538
NASDAQNQDXEUROGBPT,PyMC-sandwich,3.373112
NASDAQNQDXGBGBPT,PyMC-sandwich,3.398297
NASDAQNQDXJPJPYT,PyMC-sandwich,2.979271
NASDAQNQDXUSSCGBPT,PyMC-sandwich,3.018043
NASDAQNQEMASIA35N,PyMC-sandwich,3.196497
NASDAQNQEMEA15LMT,PyMC-sandwich,3.089618
NASDAQNQEMEA3010LMN,PyMC-sandwich,2.829620
NASDAQNQEMEA3030LMN,PyMC-sandwich,3.189773
NASDAQNQEMEA35LMT,PyMC-sandwich,3.136356
NASDAQNQEMEA4020LMN,PyMC-sandwich,2.852944
NASDAQNQEMEA4040LMN,PyMC-sandwich,2.896454
NASDAQNQEMEA40LMT,PyMC-sandwich,3.022215
NASDAQNQEMEA4520LMN,PyMC-sandwich,3.275967
NASDAQNQEMEA5010LMN,PyMC-sandwich,2.879999
NASDAQNQEMEA50LMT,PyMC-sandwich,2.948100
NASDAQNQEMEA5520LMN,PyMC-sandwich,3.164363
NASDAQNQEMEA60LMT,PyMC-sandwich,3.044171
NASDAQNQEMEALM,PyMC-sandwich,3.268401
NASDAQNQEMEU15,PyMC-sandwich,2.951453
NASDAQNQEMEU3010LMN,PyMC-sandwich,2.752877
NASDAQNQEMEU35,PyMC-sandwich,2.344056
NASDAQNQEMEU4040T,PyMC-sandwich,2.697435
NASDAQNQEMEU4510T,PyMC-sandwich,2.667822
NASDAQNQEMEU5010T,PyMC-sandwich,2.616701
NASDAQNQEMEU5520,PyMC-sandwich,2.404730
NASDAQNQEMEU65,PyMC-sandwich,3.019749
NASDAQNQEMEUMCN,PyMC-sandwich,3.000732
NASDAQNQEU,PyMC-sandwich,3.281434
NASDAQNQEU20LM,PyMC-sandwich,3.048055
NASDAQNQEU3020LMN,PyMC-sandwich,3.059385
NASDAQNQEU30T,PyMC-sandwich,3.018320
NASDAQNQEU4020T,PyMC-sandwich,2.892839
NASDAQNQEU4050LMN,PyMC-sandwich,2.835784
NASDAQNQEU4520LMN,PyMC-sandwich,3.250508
NASDAQNQEU5020LMN,PyMC-sandwich,2.929042
NASDAQNQEU5510N,PyMC-sandwich,2.541749
NASDAQNQEU60LMT,PyMC-sandwich,3.035561
NASDAQNQEULMT,PyMC-sandwich,3.274734
NASDAQNQEUROLMCAD,PyMC-sandwich,3.223626
NASDAQNQEUROT,PyMC-sandwich,3.163420
NASDAQNQEUROZ20LMT,PyMC-sandwich,3.025409
NASDAQNQEUROZ3020T,PyMC-sandwich,3.235657
NASDAQNQEUROZ35N,PyMC-sandwich,3.040992
NASDAQNQEUROZ4020N,PyMC-sandwich,2.796575
NASDAQNQEUROZ4040N,PyMC-sandwich,2.833200
NASDAQNQEUROZ4510,PyMC-sandwich,3.081084
NASDAQNQEUROZ45T,PyMC-sandwich,3.175613
NASDAQNQEUROZ50LMT,PyMC-sandwich,2.866192
NASDAQNQEUROZ5520T,PyMC-sandwich,3.082836
NASDAQNQEUROZ65LM,PyMC-sandwich,3.153756
NASDAQNQEUXGBN,PyMC-sandwich,3.225258
NASDAQNQGB35LMN,PyMC-sandwich,2.710469
NASDAQNQHK35N,PyMC-sandwich,2.953073
NASDAQNQJP35LMT,PyMC-sandwich,2.646126
NASDAQNQMEA35LM,PyMC-sandwich,2.927325
NASDAQNQNA35LMT,PyMC-sandwich,3.308257
NASDAQNQSE35LM,PyMC-sandwich,2.539645
NASDAQNQTH35N,PyMC-sandwich,2.767970
NASDAQNQUSB351010,PyMC-sandwich,2.700383
NASDAQNQUSB351010LMT,PyMC-sandwich,2.652660
NASDAQNQUSB35N,PyMC-sandwich,3.304027
NASDAQNQUSL35N,PyMC-sandwich,3.269029
NASDAQNQUSM351010,PyMC-sandwich,2.475712
NASDAQNQUSS351010,PyMC-sandwich,2.570047
NASDAQNQUSS35N,PyMC-sandwich,3.152352
NASDAQNQXAUEAUDNMH,PyMC-sandwich,3.146803
NASDAQOMXNLCEURGI,PyMC-sandwich,3.210596
NASDAQSX35PI,PyMC-sandwich,2.980896
NASDAQXNDXCHFMH,PyMC-sandwich,3.062675
NASDAQXNDXNNRJPYMH,PyMC-sandwich,3.053097
DEXBZUS,PyMC-sandwich,3.609752
DEXSFUS,PyMC-sandwich,3.568537
DGASUSGULF,PyMC-sandwich,2.183497
DTWEXM,PyMC-sandwich,4.565855
IHLCHGGBTPREALESTA,PyMC-sandwich,-2.317958
IHLIDXGBTPLOST,PyMC-sandwich,4.214767
NASDAQAUSCST,PyMC-sandwich,3.089437
NASDAQBXNH,PyMC-sandwich,3.352252
NASDAQCELSIT,PyMC-sandwich,3.095555
NASDAQCX351010GI,PyMC-sandwich,3.218166
NASDAQDAACADTRMH,PyMC-sandwich,3.624372
NASDAQDACATR,PyMC-sandwich,3.829888
NASDAQDRBTR,PyMC-sandwich,3.284756
NASDAQDVGTCADH,PyMC-sandwich,3.523595
NASDAQFIRSTNORTHEUR,PyMC-sandwich,3.443972
NASDAQFUMNTR,PyMC-sandwich,2.599980
NASDAQGSOXNR,PyMC-sandwich,2.493443
NASDAQIFEDLT,PyMC-sandwich,3.243327
NASDAQIXTC,PyMC-sandwich,2.987938
NASDAQN15EURPI,PyMC-sandwich,2.754109
NASDAQN35EURPI,PyMC-sandwich,2.998507
NASDAQN40EURPI,PyMC-sandwich,3.128727
NASDAQN50EURPI,PyMC-sandwich,3.039969
NASDAQNBIJPY,PyMC-sandwich,2.854315
NASDAQNCXNCAD,PyMC-sandwich,2.597089
NASDAQNCXTHKD,PyMC-sandwich,2.612803
NASDAQNDXEAUD,PyMC-sandwich,3.195654
NASDAQNDXEJPY,PyMC-sandwich,3.078761
NASDAQNDXESG12,PyMC-sandwich,3.033822
NASDAQNDXESG27,PyMC-sandwich,2.910080
NASDAQNDXINR,PyMC-sandwich,3.037520
NASDAQNDXTMCNR,PyMC-sandwich,2.815523
NASDAQNETRCADMH,PyMC-sandwich,3.152330
NASDAQNETRNNRAUD,PyMC-sandwich,3.191828
NASDAQNETRNNRJPY,PyMC-sandwich,3.082926
NASDAQNGXESG04,PyMC-sandwich,2.903144
NASDAQNGXESG22,PyMC-sandwich,2.912713
NASDAQNGXGBP,PyMC-sandwich,3.067552
NASDAQNGXNJPY,PyMC-sandwich,2.951549
NASDAQNOMXN120GI,PyMC-sandwich,3.243639
NASDAQNOMXNCOGI,PyMC-sandwich,3.411321
NASDAQNOMXNENGI,PyMC-sandwich,2.770268
NASDAQNOMXNICGI,PyMC-sandwich,2.954454
NASDAQNOMXNMAGI,PyMC-sandwich,2.887784
NASDAQNOMXNTPGI,PyMC-sandwich,2.739607
NASDAQNQ2045N,PyMC-sandwich,2.968274
NASDAQNQ7HANDLNL,PyMC-sandwich,3.867199
NASDAQNQASIA10N,PyMC-sandwich,2.653194
NASDAQNQASIA20N,PyMC-sandwich,3.096774
NASDAQNQASIA35N,PyMC-sandwich,3.388926
NASDAQNQASIA45N,PyMC-sandwich,3.569964
NASDAQNQASIA55N,PyMC-sandwich,2.960177
NASDAQNQASIA65N,PyMC-sandwich,3.453655
NASDAQNQASPA10T,PyMC-sandwich,2.661200
NASDAQNQASPA20T,PyMC-sandwich,3.134421
NASDAQNQASPA3020N,PyMC-sandwich,3.104813
NASDAQNQASPA30T,PyMC-sandwich,3.262428
NASDAQNQASPA4010T,PyMC-sandwich,2.887278
NASDAQNQASPA4030T,PyMC-sandwich,3.166758
NASDAQNQASPA4050T,PyMC-sandwich,3.308384
NASDAQNQASPA4510T,PyMC-sandwich,3.637574
NASDAQNQASPA50,PyMC-sandwich,3.021394
NASDAQNQASPA5020T,PyMC-sandwich,2.978722
NASDAQNQASPA5510T,PyMC-sandwich,2.762429
NASDAQNQASPA60,PyMC-sandwich,3.405980
NASDAQNQASPALC,PyMC-sandwich,3.039509
NASDAQNQASPASCT,PyMC-sandwich,3.270058
NASDAQNQAT50,PyMC-sandwich,2.728527
NASDAQNQATSCT,PyMC-sandwich,2.796867
NASDAQNQAU20LMT,PyMC-sandwich,2.609155
NASDAQNQAU35LMT,PyMC-sandwich,2.887833
NASDAQNQAU50,PyMC-sandwich,3.133156
NASDAQNQAU60,PyMC-sandwich,2.910921
NASDAQNQAULC,PyMC-sandwich,3.090252
NASDAQNQAUSCT,PyMC-sandwich,3.010692
NASDAQNQBE35,PyMC-sandwich,3.100129
NASDAQNQBELM,PyMC-sandwich,3.165196
NASDAQNQBR15,PyMC-sandwich,2.622102
NASDAQNQBR30LMT,PyMC-sandwich,2.616501
NASDAQNQBR45,PyMC-sandwich,2.752420
NASDAQNQBR55,PyMC-sandwich,2.699897
NASDAQNQBR65,PyMC-sandwich,2.632064
NASDAQNQBRIC10T,PyMC-sandwich,2.753703
NASDAQNQBRIC20T,PyMC-sandwich,2.948181
NASDAQNQBRIC35T,PyMC-sandwich,2.954235
NASDAQNQBRIC45T,PyMC-sandwich,3.485327
NASDAQNQBRIC55T,PyMC-sandwich,2.958313
NASDAQNQBRIC65T,PyMC-sandwich,3.246230
NASDAQNQBRMC,PyMC-sandwich,2.707836
NASDAQNQCA10LMT,PyMC-sandwich,2.345523
NASDAQNQCA30LMT,PyMC-sandwich,3.304162
NASDAQNQCA40LMT,PyMC-sandwich,3.194833
NASDAQNQCA50LMT,PyMC-sandwich,3.116411
NASDAQNQCA60LMT,PyMC-sandwich,3.162217
NASDAQNQCALCN,PyMC-sandwich,3.312407
NASDAQNQCAT,PyMC-sandwich,3.320659
NASDAQNQCH30LM,PyMC-sandwich,3.096382
NASDAQNQCH45LM,PyMC-sandwich,2.979995
NASDAQNQCH55N,PyMC-sandwich,2.908898
NASDAQNQCHSC,PyMC-sandwich,3.238618
NASDAQNQCL40N,PyMC-sandwich,2.502485
NASDAQNQCL65N,PyMC-sandwich,2.835221
NASDAQNQCLRI,PyMC-sandwich,3.724420
NASDAQNQCN20,PyMC-sandwich,2.321422
NASDAQNQCN35,PyMC-sandwich,2.664191
NASDAQNQCN45,PyMC-sandwich,2.949943
NASDAQNQCN55,PyMC-sandwich,2.227583
NASDAQNQCN65,PyMC-sandwich,3.038359
NASDAQNQCNMC,PyMC-sandwich,2.857662
NASDAQNQCNNEWT,PyMC-sandwich,2.754597
NASDAQNQCO50,PyMC-sandwich,2.518464
NASDAQNQCON,PyMC-sandwich,2.594168
NASDAQNQDALIIET,PyMC-sandwich,3.143275
NASDAQNQDE20LMT,PyMC-sandwich,2.749902
NASDAQNQDE35LMT,PyMC-sandwich,2.670385
NASDAQNQDE50,PyMC-sandwich,2.713938
NASDAQNQDE60,PyMC-sandwich,2.068963
NASDAQNQDELMEUR,PyMC-sandwich,3.240740
NASDAQNQDEMCN,PyMC-sandwich,3.065207
NASDAQNQDK20N,PyMC-sandwich,2.320599
NASDAQNQDM35LMN,PyMC-sandwich,3.471940
NASDAQNQDMASPA35LMN,PyMC-sandwich,3.169663
NASDAQNQDMEU15LM,PyMC-sandwich,3.047654
NASDAQNQDMEU3010,PyMC-sandwich,2.790202
NASDAQNQDMEU3030,PyMC-sandwich,3.188025
NASDAQNQDMEU35LM,PyMC-sandwich,3.087591
NASDAQNQDMEU4020,PyMC-sandwich,2.883197
NASDAQNQDMEU4040,PyMC-sandwich,2.980639
NASDAQNQDMEU40LM,PyMC-sandwich,2.997256
NASDAQNQDMEU4520,PyMC-sandwich,3.255265
NASDAQNQDMEU5010,PyMC-sandwich,2.902644
NASDAQNQDMEU50LM,PyMC-sandwich,2.936398
NASDAQNQDMEU5520,PyMC-sandwich,3.144768
NASDAQNQDMEU60LM,PyMC-sandwich,3.018598
NASDAQNQDMEULCN,PyMC-sandwich,3.254865
NASDAQNQDMEUT,PyMC-sandwich,3.287957
NASDAQNQDMXUS35T,PyMC-sandwich,3.476932
NASDAQNQDXCHGBPT,PyMC-sandwich,3.494068
NASDAQNQDXEMGBPT,PyMC-sandwich,3.274013
NASDAQNQDXEURONMH,PyMC-sandwich,3.342484
NASDAQNQDXJPEURN,PyMC-sandwich,2.960327
NASDAQNQDXUSLCEURT,PyMC-sandwich,3.315977
NASDAQNQEM35LM,PyMC-sandwich,3.236760
NASDAQNQEMEA10,PyMC-sandwich,2.743269
NASDAQNQEMEA20,PyMC-sandwich,3.064765
NASDAQNQEMEA3010T,PyMC-sandwich,2.843299
NASDAQNQEMEA3030T,PyMC-sandwich,3.199073
NASDAQNQEMEA40,PyMC-sandwich,3.055882
NASDAQNQEMEA4020T,PyMC-sandwich,2.902332
NASDAQNQEMEA4040T,PyMC-sandwich,3.003636
NASDAQNQEMEA45,PyMC-sandwich,3.325566
NASDAQNQEMEA4520T,PyMC-sandwich,3.321395
NASDAQNQEMEA5010T,PyMC-sandwich,2.928155
NASDAQNQEMEA55,PyMC-sandwich,2.770823
NASDAQNQEMEA5520T,PyMC-sandwich,3.155151
NASDAQNQEMEA65,PyMC-sandwich,3.189943
NASDAQNQEMEAMC,PyMC-sandwich,3.285556
NASDAQNQEMEU15LMT,PyMC-sandwich,2.927673
NASDAQNQEMEU3010T,PyMC-sandwich,2.755440
NASDAQNQEMEU40,PyMC-sandwich,2.905199
NASDAQNQEMEU4050T,PyMC-sandwich,2.592816
NASDAQNQEMEU4520T,PyMC-sandwich,2.849827
NASDAQNQEMEU5020T,PyMC-sandwich,2.543351
NASDAQNQEMEU55LM,PyMC-sandwich,2.288787
NASDAQNQEMEU65N,PyMC-sandwich,3.016741
NASDAQNQEMEUSCN,PyMC-sandwich,2.947348
NASDAQNQEU10LMN,PyMC-sandwich,2.695218
NASDAQNQEU20T,PyMC-sandwich,3.061581
NASDAQNQEU3030,PyMC-sandwich,3.185668
NASDAQNQEU35N,PyMC-sandwich,3.122265
NASDAQNQEU4030LMN,PyMC-sandwich,2.921357
NASDAQNQEU40LM,PyMC-sandwich,3.010613
NASDAQNQEU45LMN,PyMC-sandwich,3.290583
NASDAQNQEU5020T,PyMC-sandwich,2.956830
NASDAQNQEU5520LM,PyMC-sandwich,3.149032
NASDAQNQEU65,PyMC-sandwich,3.188845
NASDAQNQEUMCT,PyMC-sandwich,3.276415
NASDAQNQEUROLMEUR,PyMC-sandwich,3.323908
NASDAQNQEUROZ10N,PyMC-sandwich,2.641126
NASDAQNQEUROZ3010,PyMC-sandwich,2.702861
NASDAQNQEUROZ3030LMN,PyMC-sandwich,3.121685
NASDAQNQEUROZ4010,PyMC-sandwich,2.797590
NASDAQNQEUROZ4030LM,PyMC-sandwich,2.800832
NASDAQNQEUROZ4050LM,PyMC-sandwich,2.660137
NASDAQNQEUROZ4510LMT,PyMC-sandwich,3.057148
NASDAQNQEUROZ5010LMN,PyMC-sandwich,2.808217
NASDAQNQEUROZ5510,PyMC-sandwich,2.612499
NASDAQNQEUROZ55N,PyMC-sandwich,3.040736
NASDAQNQEUROZ65N,PyMC-sandwich,3.165239
NASDAQNQFGSLTAUDMH,PyMC-sandwich,3.443598
NASDAQNQGIHEIEUR,PyMC-sandwich,3.822095
NASDAQNQID35N,PyMC-sandwich,2.713015
NASDAQNQKR35,PyMC-sandwich,2.904381
NASDAQNQMEA35T,PyMC-sandwich,2.965527
NASDAQNQNL35,PyMC-sandwich,3.101530
NASDAQNQSE35N,PyMC-sandwich,2.763946
NASDAQNQTW35N,PyMC-sandwich,3.080420
NASDAQNQUSB35101010T,PyMC-sandwich,2.504269
NASDAQNQUSB351020,PyMC-sandwich,3.306067
NASDAQNQUSHEIEURN,PyMC-sandwich,3.209836
NASDAQNQUSL40204020EURN,PyMC-sandwich,2.428176
NASDAQNQUSM351020,PyMC-sandwich,3.237910
NASDAQNQUSS35101010T,PyMC-sandwich,2.502530
NASDAQNQVWJDJN,PyMC-sandwich,3.253753
NASDAQNQXAUGLDAUDNMH,PyMC-sandwich,2.298372
NASDAQOMXNORDICEURGI,PyMC-sandwich,3.225632
NASDAQXCMPCADMH,PyMC-sandwich,3.072931
NASDAQXNDXEURMH,PyMC-sandwich,3.058949
REMRKTD678FRBCLE,PyMC-sandwich,3.423090
DEXCAUS,PyMC-sandwich,4.378398
DEXSIUS,PyMC-sandwich,4.488556
DHHNGSP,PyMC-sandwich,1.271634
DTWEXO,PyMC-sandwich,4.552063
IHLIDX16740,PyMC-sandwich,5.754346
IHLIDXGBTPREALESTA,PyMC-sandwich,4.562293
NASDAQB35GI,PyMC-sandwich,3.159810
NASDAQBXNT,PyMC-sandwich,3.723378
NASDAQCELSN,PyMC-sandwich,2.304721
NASDAQCX351010PI,PyMC-sandwich,3.215999
NASDAQDAANTR,PyMC-sandwich,3.623742
NASDAQDAT,PyMC-sandwich,3.639264
NASDAQDRBXUS,PyMC-sandwich,3.430856
NASDAQDVGTR,PyMC-sandwich,3.529983
NASDAQFN35GI,PyMC-sandwich,3.320340
NASDAQFUMTR,PyMC-sandwich,2.601205
NASDAQGSOXTR,PyMC-sandwich,2.492570
NASDAQINDS,PyMC-sandwich,3.134974
NASDAQJYW,PyMC-sandwich,3.874756
NASDAQN20EURGI,PyMC-sandwich,2.637355
NASDAQN4010EURGI,PyMC-sandwich,2.431023
NASDAQN4510EURGI,PyMC-sandwich,3.282865
NASDAQN5510EURGI,PyMC-sandwich,2.848146
NASDAQNBX,PyMC-sandwich,2.913620
NASDAQNCXNCHF,PyMC-sandwich,2.606332
NASDAQNCXTJPY,PyMC-sandwich,2.590689
NASDAQNDXEAUDMH,PyMC-sandwich,3.159063
NASDAQNDXEJPYMH,PyMC-sandwich,3.152308
NASDAQNDXESG13,PyMC-sandwich,2.956273
NASDAQNDXESGN,PyMC-sandwich,3.014913
NASDAQNDXJPY,PyMC-sandwich,2.953329
NASDAQNDXTMCTR,PyMC-sandwich,2.818904
NASDAQNETRCHF,PyMC-sandwich,3.112448
NASDAQNETRNNRAUDMH,PyMC-sandwich,3.159769
NASDAQNETRNNRJPYMH,PyMC-sandwich,3.144617
NASDAQNGXESG05,PyMC-sandwich,2.955515
NASDAQNGXESG23,PyMC-sandwich,2.875048
NASDAQNGXHKD,PyMC-sandwich,3.013480
NASDAQNGXT,PyMC-sandwich,3.020193
NASDAQNOMXN120NI,PyMC-sandwich,3.238245
NASDAQNOMXNCONI,PyMC-sandwich,3.418415
NASDAQNOMXNENNI,PyMC-sandwich,2.772522
NASDAQNOMXNICNI,PyMC-sandwich,2.951913
NASDAQNOMXNMANI,PyMC-sandwich,2.887479
NASDAQNOMXNTPNI,PyMC-sandwich,2.737799
NASDAQNQ2045T,PyMC-sandwich,2.963676
NASDAQNQ7HANDLNLE,PyMC-sandwich,3.864521
NASDAQNQASIA10T,PyMC-sandwich,2.651858
NASDAQNQASIA20T,PyMC-sandwich,3.098713
NASDAQNQASIA35T,PyMC-sandwich,3.388767
NASDAQNQASIA45T,PyMC-sandwich,3.568230
NASDAQNQASIA55T,PyMC-sandwich,2.959523
NASDAQNQASIALM,PyMC-sandwich,3.072553
NASDAQNQASPA15,PyMC-sandwich,2.515837
NASDAQNQASPA30,PyMC-sandwich,3.269850
NASDAQNQASPA3020T,PyMC-sandwich,3.099073
NASDAQNQASPA35,PyMC-sandwich,3.399286
NASDAQNQASPA4020,PyMC-sandwich,3.122248
NASDAQNQASPA4040,PyMC-sandwich,2.726181
NASDAQNQASPA40LM,PyMC-sandwich,3.076899
NASDAQNQASPA4520,PyMC-sandwich,3.431113
NASDAQNQASPA5010,PyMC-sandwich,3.159907
NASDAQNQASPA50LM,PyMC-sandwich,2.964476
NASDAQNQASPA5520,PyMC-sandwich,2.926499
NASDAQNQASPA60LM,PyMC-sandwich,3.383806
NASDAQNQASPALCN,PyMC-sandwich,3.039089
NASDAQNQASPAT,PyMC-sandwich,3.144956
NASDAQNQAT50N,PyMC-sandwich,2.728572
NASDAQNQATT,PyMC-sandwich,2.941656
NASDAQNQAU20N,PyMC-sandwich,2.688861
NASDAQNQAU35N,PyMC-sandwich,3.006370
NASDAQNQAU50LM,PyMC-sandwich,3.127949
NASDAQNQAU60LM,PyMC-sandwich,2.769038
NASDAQNQAULCN,PyMC-sandwich,3.097184
NASDAQNQAUT,PyMC-sandwich,3.200528
NASDAQNQBE35N,PyMC-sandwich,3.096762
NASDAQNQBELMN,PyMC-sandwich,3.165060
NASDAQNQBR15N,PyMC-sandwich,2.622062
NASDAQNQBR30N,PyMC-sandwich,2.618109
NASDAQNQBR45LM,PyMC-sandwich,2.745929
NASDAQNQBR55LM,PyMC-sandwich,2.700860
NASDAQNQBR65LM,PyMC-sandwich,2.607679
NASDAQNQBRIC15,PyMC-sandwich,2.846017
NASDAQNQBRIC30,PyMC-sandwich,3.372057
NASDAQNQBRIC40,PyMC-sandwich,2.817568
NASDAQNQBRIC50,PyMC-sandwich,3.226864
NASDAQNQBRIC60,PyMC-sandwich,3.386568
NASDAQNQBRICLM,PyMC-sandwich,3.217691
NASDAQNQBRMCN,PyMC-sandwich,2.710567
NASDAQNQCA10N,PyMC-sandwich,2.367682
NASDAQNQCA30N,PyMC-sandwich,3.304121
NASDAQNQCA40N,PyMC-sandwich,3.244944
NASDAQNQCA50N,PyMC-sandwich,3.144702
NASDAQNQCA60N,PyMC-sandwich,3.155636
NASDAQNQCALCT,PyMC-sandwich,3.310114
NASDAQNQCH,PyMC-sandwich,3.296977
NASDAQNQCH30LMN,PyMC-sandwich,3.098326
NASDAQNQCH45LMN,PyMC-sandwich,2.985750
NASDAQNQCH55T,PyMC-sandwich,2.908952
NASDAQNQCHSCN,PyMC-sandwich,3.239130
NASDAQNQCL40T,PyMC-sandwich,2.501247
NASDAQNQCL65T,PyMC-sandwich,2.839567
NASDAQNQCLSC,PyMC-sandwich,2.854301
NASDAQNQCN20LM,PyMC-sandwich,2.245321
NASDAQNQCN35LM,PyMC-sandwich,2.563985
NASDAQNQCN45LM,PyMC-sandwich,2.911533
NASDAQNQCN55LM,PyMC-sandwich,2.185631
NASDAQNQCN65LM,PyMC-sandwich,3.021856
NASDAQNQCNMCN,PyMC-sandwich,2.860956
NASDAQNQCNSC,PyMC-sandwich,2.908586
NASDAQNQCO50N,PyMC-sandwich,2.521780
NASDAQNQCOT,PyMC-sandwich,2.592693
NASDAQNQDALIT,PyMC-sandwich,3.043466
NASDAQNQDE20N,PyMC-sandwich,2.778233
NASDAQNQDE35N,PyMC-sandwich,2.702787
NASDAQNQDE50LM,PyMC-sandwich,2.704864
NASDAQNQDE60N,PyMC-sandwich,2.065739
NASDAQNQDELMEURN,PyMC-sandwich,3.239586
NASDAQNQDEMCT,PyMC-sandwich,3.059864
NASDAQNQDK20T,PyMC-sandwich,2.322335
NASDAQNQDM35LMT,PyMC-sandwich,3.469434
NASDAQNQDMASPA35LMT,PyMC-sandwich,3.167381
NASDAQNQDMEU15LMN,PyMC-sandwich,3.057433
NASDAQNQDMEU3010LM,PyMC-sandwich,2.771504
NASDAQNQDMEU3030LM,PyMC-sandwich,3.171979
NASDAQNQDMEU35LMN,PyMC-sandwich,3.089316
NASDAQNQDMEU4020LM,PyMC-sandwich,2.833154
NASDAQNQDMEU4040LM,PyMC-sandwich,2.866714
NASDAQNQDMEU40LMN,PyMC-sandwich,2.995269
NASDAQNQDMEU4520LM,PyMC-sandwich,3.222500
NASDAQNQDMEU5010LM,PyMC-sandwich,2.869809
NASDAQNQDMEU50LMN,PyMC-sandwich,2.933421
NASDAQNQDMEU5520LM,PyMC-sandwich,3.146787
NASDAQNQDMEU60LMN,PyMC-sandwich,3.015148
NASDAQNQDMEULCT,PyMC-sandwich,3.260109
NASDAQNQDMEUXGB,PyMC-sandwich,3.223531
NASDAQNQDXASPAXJPEUR,PyMC-sandwich,2.756492
NASDAQNQDXDEEUR,PyMC-sandwich,3.086964
NASDAQNQDXEU,PyMC-sandwich,3.182504
NASDAQNQDXEUROT,PyMC-sandwich,3.142216
NASDAQNQDXJPEURNMH,PyMC-sandwich,2.954747
NASDAQNQDXUSLCGBP,PyMC-sandwich,3.357894
NASDAQNQEM35LMN,PyMC-sandwich,3.240855
NASDAQNQEMEA10LM,PyMC-sandwich,2.710226
NASDAQNQEMEA20LM,PyMC-sandwich,3.057130
NASDAQNQEMEA3020,PyMC-sandwich,3.103481
NASDAQNQEMEA30LM,PyMC-sandwich,3.016114
NASDAQNQEMEA4010,PyMC-sandwich,2.808144
NASDAQNQEMEA4030,PyMC-sandwich,2.976218
NASDAQNQEMEA4050,PyMC-sandwich,2.915934
NASDAQNQEMEA4510,PyMC-sandwich,3.249645
NASDAQNQEMEA45LM,PyMC-sandwich,3.300235
NASDAQNQEMEA5020,PyMC-sandwich,2.963471
NASDAQNQEMEA5510,PyMC-sandwich,2.459494
NASDAQNQEMEA55LM,PyMC-sandwich,2.770876
NASDAQNQEMEA65LM,PyMC-sandwich,3.164031
NASDAQNQEMEAMCN,PyMC-sandwich,3.286846
NASDAQNQEMEU15N,PyMC-sandwich,2.961250
NASDAQNQEMEU3020,PyMC-sandwich,2.711290
NASDAQNQEMEU4010,PyMC-sandwich,2.688255
NASDAQNQEMEU40LM,PyMC-sandwich,2.858988
NASDAQNQEMEU45LM,PyMC-sandwich,2.854941
NASDAQNQEMEU50N,PyMC-sandwich,2.705939
NASDAQNQEMEU55LMN,PyMC-sandwich,2.285281
NASDAQNQEMEU65T,PyMC-sandwich,3.011535
NASDAQNQEMEUT,PyMC-sandwich,3.078230
NASDAQNQEU10N,PyMC-sandwich,2.723385
NASDAQNQEU30,PyMC-sandwich,3.021711
NASDAQNQEU3030LM,PyMC-sandwich,3.171616
NASDAQNQEU35T,PyMC-sandwich,3.117630
NASDAQNQEU4030LMT,PyMC-sandwich,2.922100
NASDAQNQEU40LMN,PyMC-sandwich,3.012257
NASDAQNQEU45LMT,PyMC-sandwich,3.287531
NASDAQNQEU50LM,PyMC-sandwich,2.942965
NASDAQNQEU5520LMT,PyMC-sandwich,3.146778
NASDAQNQEU65LMN,PyMC-sandwich,3.169499
NASDAQNQEUN,PyMC-sandwich,3.281640
NASDAQNQEUROLMEURN,PyMC-sandwich,3.315804
NASDAQNQEUROZ10T,PyMC-sandwich,2.641918
NASDAQNQEUROZ3010LM,PyMC-sandwich,2.697696
NASDAQNQEUROZ3030N,PyMC-sandwich,3.126377
NASDAQNQEUROZ4010LM,PyMC-sandwich,2.791826
NASDAQNQEUROZ4030LMN,PyMC-sandwich,2.803977
NASDAQNQEUROZ4050LMN,PyMC-sandwich,2.652106
NASDAQNQEUROZ4510N,PyMC-sandwich,3.085032
NASDAQNQEUROZ5010N,PyMC-sandwich,2.830270
NASDAQNQEUROZ5510LM,PyMC-sandwich,2.548663
NASDAQNQEUROZ55T,PyMC-sandwich,3.040040
NASDAQNQEUROZ65T,PyMC-sandwich,3.173429
NASDAQNQFR35,PyMC-sandwich,3.091291
NASDAQNQGIHEIEURN,PyMC-sandwich,3.818823
NASDAQNQIL35,PyMC-sandwich,2.583801
NASDAQNQKR35N,PyMC-sandwich,2.905396
NASDAQNQMX35,PyMC-sandwich,2.950973
NASDAQNQNL35N,PyMC-sandwich,3.123963
NASDAQNQSE35T,PyMC-sandwich,2.764283
NASDAQNQTW35T,PyMC-sandwich,3.080172
NASDAQNQUSB35101015,PyMC-sandwich,2.648594
NASDAQNQUSB351020LM,PyMC-sandwich,3.292491
NASDAQNQUSHEIEURT,PyMC-sandwich,3.212887
NASDAQNQUSL40204020GBP,PyMC-sandwich,2.448619
NASDAQNQUSM351020N,PyMC-sandwich,3.245408
NASDAQNQUSS35101015,PyMC-sandwich,2.361587
NASDAQNQVWJDJT,PyMC-sandwich,3.254725
NASDAQNQXAUGLDAUDTMH,PyMC-sandwich,2.304416
NASDAQOMXNORDICEURPI,PyMC-sandwich,3.228039
NASDAQXCMPCADNNRMH,PyMC-sandwich,3.074159
NASDAQXNDXGBP,PyMC-sandwich,3.102240
RRESD678FRBCLE,PyMC-sandwich,3.677446
DEXCHUS,PyMC-sandwich,5.192805
DEXSLUS,PyMC-sandwich,5.280609
DHOILNYH,PyMC-sandwich,2.093815
ECBESTRNUMTRANS,PyMC-sandwich,1.040649
IHLIDX29820,PyMC-sandwich,5.376914
IHLIDXUSTPLOST,PyMC-sandwich,4.927126
NASDAQB35PI,PyMC-sandwich,3.157235
NASDAQBXNTU,PyMC-sandwich,3.732149
NASDAQCEXX,PyMC-sandwich,2.309484
NASDAQCX35GI,PyMC-sandwich,3.222394
NASDAQDAATR,PyMC-sandwich,3.627129
NASDAQDATNTR,PyMC-sandwich,3.632929
NASDAQDRBXUSN,PyMC-sandwich,3.436394
NASDAQDWACSM,PyMC-sandwich,3.282378
NASDAQFN35PI,PyMC-sandwich,3.319832
NASDAQGRNWATERL,PyMC-sandwich,3.344033
NASDAQHX351010GI,PyMC-sandwich,2.923523
NASDAQINDSSCNR,PyMC-sandwich,3.032726
NASDAQLVDA,PyMC-sandwich,3.505715
NASDAQN20EURPI,PyMC-sandwich,2.633259
NASDAQN4010EURPI,PyMC-sandwich,2.432574
NASDAQN4510EURPI,PyMC-sandwich,3.272055
NASDAQN5510EURPI,PyMC-sandwich,2.851617
NASDAQNCX,PyMC-sandwich,2.614267
NASDAQNCXNEUR,PyMC-sandwich,2.623517
NASDAQNDXAUD,PyMC-sandwich,3.129325
NASDAQNDXECAD,PyMC-sandwich,3.162557
NASDAQNDXERNRH,PyMC-sandwich,3.054013
NASDAQNDXESG14,PyMC-sandwich,2.998871
NASDAQNDXESGT,PyMC-sandwich,3.014634
NASDAQNDXJPYMH,PyMC-sandwich,3.056208
NASDAQNDXTNR,PyMC-sandwich,2.672209
NASDAQNETRCHFMH,PyMC-sandwich,3.156469
NASDAQNETRNNRCAD,PyMC-sandwich,3.164858
NASDAQNETX,PyMC-sandwich,2.995023
NASDAQNGXESG06,PyMC-sandwich,2.909204
NASDAQNGXESG24,PyMC-sandwich,2.904124
NASDAQNGXJPY,PyMC-sandwich,2.951830
NASDAQNGXTAUD,PyMC-sandwich,3.046672
NASDAQNOMXN120SEK,PyMC-sandwich,3.415606
NASDAQNOMXNCOSEK,PyMC-sandwich,3.484952
NASDAQNOMXNENSEK,PyMC-sandwich,2.776235
NASDAQNOMXNICSEK,PyMC-sandwich,3.083308
NASDAQNOMXNMASEK,PyMC-sandwich,2.964568
NASDAQNOMXNTPSEK,PyMC-sandwich,2.754283
NASDAQNQ5HANDL,PyMC-sandwich,4.109945
NASDAQNQ7HANDLT,PyMC-sandwich,4.140431
NASDAQNQASIA15,PyMC-sandwich,2.492376
NASDAQNQASIA30,PyMC-sandwich,3.228516
NASDAQNQASIA40,PyMC-sandwich,3.129435
NASDAQNQASIA50,PyMC-sandwich,2.996909
NASDAQNQASIA60,PyMC-sandwich,3.336795
NASDAQNQASIALMN,PyMC-sandwich,3.065073
NASDAQNQASPA15LM,PyMC-sandwich,2.492071
NASDAQNQASPA3010,PyMC-sandwich,3.274120
NASDAQNQASPA3030,PyMC-sandwich,3.084537
NASDAQNQASPA35LM,PyMC-sandwich,3.222800
NASDAQNQASPA4020LM,PyMC-sandwich,3.026910
NASDAQNQASPA4040LM,PyMC-sandwich,2.609736
NASDAQNQASPA40LMN,PyMC-sandwich,3.072790
NASDAQNQASPA4520LM,PyMC-sandwich,3.374420
NASDAQNQASPA5010LM,PyMC-sandwich,3.108051
NASDAQNQASPA50LMN,PyMC-sandwich,2.974231
NASDAQNQASPA5520LM,PyMC-sandwich,2.850047
NASDAQNQASPA60LMN,PyMC-sandwich,3.386412
NASDAQNQASPALCT,PyMC-sandwich,3.035205
NASDAQNQASPAXJP,PyMC-sandwich,3.043897
NASDAQNQAT50T,PyMC-sandwich,2.733217
NASDAQNQAU,PyMC-sandwich,3.201359
NASDAQNQAU20T,PyMC-sandwich,2.690203
NASDAQNQAU35T,PyMC-sandwich,3.015124
NASDAQNQAU50LMN,PyMC-sandwich,3.114147
NASDAQNQAU60LMN,PyMC-sandwich,2.775190
NASDAQNQAULCT,PyMC-sandwich,3.086695
NASDAQNQBE,PyMC-sandwich,3.223975
NASDAQNQBE35T,PyMC-sandwich,3.093364
NASDAQNQBELMT,PyMC-sandwich,3.167019
NASDAQNQBR15T,PyMC-sandwich,2.618055
NASDAQNQBR30T,PyMC-sandwich,2.615649
NASDAQNQBR45LMN,PyMC-sandwich,2.755866
NASDAQNQBR55LMN,PyMC-sandwich,2.727341
NASDAQNQBR65LMN,PyMC-sandwich,2.612070
NASDAQNQBRIC15LM,PyMC-sandwich,2.830557
NASDAQNQBRIC30LM,PyMC-sandwich,3.374131
NASDAQNQBRIC40LM,PyMC-sandwich,2.772581
NASDAQNQBRIC50LM,PyMC-sandwich,3.215037
NASDAQNQBRIC60LM,PyMC-sandwich,3.380468
NASDAQNQBRICLMN,PyMC-sandwich,3.222714
NASDAQNQBRMCT,PyMC-sandwich,2.713076
NASDAQNQCA10T,PyMC-sandwich,2.368850
NASDAQNQCA30T,PyMC-sandwich,3.310305
NASDAQNQCA40T,PyMC-sandwich,3.244335
NASDAQNQCA50T,PyMC-sandwich,3.151423
NASDAQNQCA60T,PyMC-sandwich,3.154138
NASDAQNQCALM,PyMC-sandwich,3.344957
NASDAQNQCH10,PyMC-sandwich,2.689348
NASDAQNQCH30LMT,PyMC-sandwich,3.098530
NASDAQNQCH45LMT,PyMC-sandwich,2.981154
NASDAQNQCHLC,PyMC-sandwich,3.263410
NASDAQNQCHSCT,PyMC-sandwich,3.239711
NASDAQNQCL45,PyMC-sandwich,2.720868
NASDAQNQCLLC,PyMC-sandwich,2.694769
NASDAQNQCLSCN,PyMC-sandwich,2.853407
NASDAQNQCN20LMN,PyMC-sandwich,2.248664
NASDAQNQCN35LMN,PyMC-sandwich,2.564334
NASDAQNQCN45LMN,PyMC-sandwich,2.912781
NASDAQNQCN55LMN,PyMC-sandwich,2.184556
NASDAQNQCN65LMN,PyMC-sandwich,3.028307
NASDAQNQCNMCT,PyMC-sandwich,2.858155
NASDAQNQCNSCN,PyMC-sandwich,2.906098
NASDAQNQCO50T,PyMC-sandwich,2.521023
NASDAQNQCYBR,PyMC-sandwich,2.794857
NASDAQNQDE,PyMC-sandwich,3.090449
NASDAQNQDE20T,PyMC-sandwich,2.770985
NASDAQNQDE35T,PyMC-sandwich,2.693522
NASDAQNQDE50LMN,PyMC-sandwich,2.707352
NASDAQNQDE60T,PyMC-sandwich,2.069209
NASDAQNQDELMEURT,PyMC-sandwich,3.241178
NASDAQNQDEN,PyMC-sandwich,3.090815
NASDAQNQDK30,PyMC-sandwich,3.004572
NASDAQNQDM35N,PyMC-sandwich,3.551583
NASDAQNQDMASPA35N,PyMC-sandwich,3.365991
NASDAQNQDMEU15LMT,PyMC-sandwich,3.058200
NASDAQNQDMEU3010LMN,PyMC-sandwich,2.772143
NASDAQNQDMEU3030LMN,PyMC-sandwich,3.169198
NASDAQNQDMEU35LMT,PyMC-sandwich,3.097406
NASDAQNQDMEU4020LMN,PyMC-sandwich,2.846481
NASDAQNQDMEU4040LMN,PyMC-sandwich,2.863679
NASDAQNQDMEU40LMT,PyMC-sandwich,3.005039
NASDAQNQDMEU4520LMN,PyMC-sandwich,3.218427
NASDAQNQDMEU5010LMN,PyMC-sandwich,2.868188
NASDAQNQDMEU50LMT,PyMC-sandwich,2.939018
NASDAQNQDMEU5520LMN,PyMC-sandwich,3.140047
NASDAQNQDMEU60LMT,PyMC-sandwich,3.024640
NASDAQNQDMEULM,PyMC-sandwich,3.270858
NASDAQNQDMEUXGBLM,PyMC-sandwich,3.213370
NASDAQNQDXASPAXJPEURN,PyMC-sandwich,2.760219
NASDAQNQDXDEEURN,PyMC-sandwich,3.083148
NASDAQNQDXEUN,PyMC-sandwich,3.176298
NASDAQNQDXEUROTMH,PyMC-sandwich,3.341055
NASDAQNQDXJPEURT,PyMC-sandwich,2.965312
NASDAQNQDXUSLCGBPN,PyMC-sandwich,3.357574
NASDAQNQEM35LMT,PyMC-sandwich,3.242696
NASDAQNQEMEA10LMN,PyMC-sandwich,2.710942
NASDAQNQEMEA20LMN,PyMC-sandwich,3.060314
NASDAQNQEMEA3020LM,PyMC-sandwich,3.060868
NASDAQNQEMEA30LMN,PyMC-sandwich,3.011267
NASDAQNQEMEA4010LM,PyMC-sandwich,2.804063
NASDAQNQEMEA4030LM,PyMC-sandwich,2.923283
NASDAQNQEMEA4050LM,PyMC-sandwich,2.839327
NASDAQNQEMEA4510LM,PyMC-sandwich,3.219811
NASDAQNQEMEA45LMN,PyMC-sandwich,3.296042
NASDAQNQEMEA5020LM,PyMC-sandwich,2.935732
NASDAQNQEMEA5510LM,PyMC-sandwich,2.468889
NASDAQNQEMEA55LMN,PyMC-sandwich,2.765482
NASDAQNQEMEA65LMN,PyMC-sandwich,3.161358
NASDAQNQEMEAMCT,PyMC-sandwich,3.289894
NASDAQNQEMEU15T,PyMC-sandwich,2.958522
NASDAQNQEMEU3020N,PyMC-sandwich,2.718861
NASDAQNQEMEU4010N,PyMC-sandwich,2.707713
NASDAQNQEMEU40LMN,PyMC-sandwich,2.866868
NASDAQNQEMEU45LMN,PyMC-sandwich,2.856530
NASDAQNQEMEU50T,PyMC-sandwich,2.703997
NASDAQNQEMEU55LMT,PyMC-sandwich,2.301312
NASDAQNQEMEULC,PyMC-sandwich,3.011665
NASDAQNQEMMEA35,PyMC-sandwich,2.987528
NASDAQNQEU10T,PyMC-sandwich,2.725092
NASDAQNQEU3010,PyMC-sandwich,2.804459
NASDAQNQEU3030LMT,PyMC-sandwich,3.177890
NASDAQNQEU4010,PyMC-sandwich,2.811425
NASDAQNQEU4030N,PyMC-sandwich,2.977882
NASDAQNQEU40N,PyMC-sandwich,3.051660
NASDAQNQEU45N,PyMC-sandwich,3.315480
NASDAQNQEU50LMN,PyMC-sandwich,2.940494
NASDAQNQEU5520N,PyMC-sandwich,3.142709
NASDAQNQEU65LMT,PyMC-sandwich,3.164316
NASDAQNQEURO,PyMC-sandwich,3.171470
NASDAQNQEUROLMEURT,PyMC-sandwich,3.314206
NASDAQNQEUROZ15LM,PyMC-sandwich,2.957257
NASDAQNQEUROZ3010LMN,PyMC-sandwich,2.698066
NASDAQNQEUROZ30LM,PyMC-sandwich,2.890026
NASDAQNQEUROZ4010LMT,PyMC-sandwich,2.788826
NASDAQNQEUROZ4030LMT,PyMC-sandwich,2.803298
NASDAQNQEUROZ4050LMT,PyMC-sandwich,2.644874
NASDAQNQEUROZ4510T,PyMC-sandwich,3.089375
NASDAQNQEUROZ5020,PyMC-sandwich,2.868703
NASDAQNQEUROZ5510LMN,PyMC-sandwich,2.550981
NASDAQNQEUROZ60,PyMC-sandwich,3.028898
NASDAQNQEUSC,PyMC-sandwich,3.251775
NASDAQNQFR35N,PyMC-sandwich,3.092520
NASDAQNQGIHEIEURT,PyMC-sandwich,3.812787
NASDAQNQIL35N,PyMC-sandwich,2.582130
NASDAQNQKR35T,PyMC-sandwich,2.904305
NASDAQNQMX35N,PyMC-sandwich,2.948513
NASDAQNQNL35T,PyMC-sandwich,3.131356
NASDAQNQSG35,PyMC-sandwich,3.497673
NASDAQNQUSB302030,PyMC-sandwich,3.069058
NASDAQNQUSB35101015LM,PyMC-sandwich,2.648204
NASDAQNQUSB351020LMN,PyMC-sandwich,3.292240
NASDAQNQUSHEIGBP,PyMC-sandwich,3.244883
NASDAQNQUSL40204020GBPN,PyMC-sandwich,2.444002
NASDAQNQUSM351020T,PyMC-sandwich,3.244290
NASDAQNQUSS35101015N,PyMC-sandwich,2.363640
NASDAQNQXAUAGRAUDMH,PyMC-sandwich,3.390720
NASDAQNQXAUHAUDMH,PyMC-sandwich,3.323466
NASDAQOMXNSCEURGI,PyMC-sandwich,3.318542
NASDAQXDB,PyMC-sandwich,4.027913
NASDAQXNDXGBPMH,PyMC-sandwich,3.063125
DEXDNUS,PyMC-sandwich,4.102418
DEXSZUS,PyMC-sandwich,3.891783
DJCA,PyMC-sandwich,3.367951
ECBESTRTOTVOL,PyMC-sandwich,1.015336
IHLIDX37860,PyMC-sandwich,5.513143
INFECTDISEMVTRACKD,PyMC-sandwich,-3.321964
NASDAQBANK,PyMC-sandwich,2.869065
NASDAQCAPEXA,PyMC-sandwich,3.482251
NASDAQCHXN9000,PyMC-sandwich,2.551275
NASDAQCX35PI,PyMC-sandwich,3.221364
NASDAQDAAXJP,PyMC-sandwich,3.372642
NASDAQDATTR,PyMC-sandwich,3.641784
NASDAQDRBXUST,PyMC-sandwich,3.444694
NASDAQDWACSMN,PyMC-sandwich,3.280902
NASDAQFNDKEURGI,PyMC-sandwich,3.211258
NASDAQGRNWATERLEUR,PyMC-sandwich,3.442147
NASDAQHX351010PI,PyMC-sandwich,2.899119
NASDAQINDSSCPR,PyMC-sandwich,3.021763
NASDAQLVDAKRW,PyMC-sandwich,3.197892
NASDAQN3010EURGI,PyMC-sandwich,3.086454
NASDAQN4020EURGI,PyMC-sandwich,2.927375
NASDAQN4520GI,PyMC-sandwich,3.320564
NASDAQN5520EURGI,PyMC-sandwich,2.838336
NASDAQNCXAUD,PyMC-sandwich,2.646929
NASDAQNCXNGBP,PyMC-sandwich,2.656175
NASDAQNDXAUDMH,PyMC-sandwich,3.059109
NASDAQNDXECADMH,PyMC-sandwich,3.163595
NASDAQNDXESG,PyMC-sandwich,3.014253
NASDAQNDXESG15,PyMC-sandwich,3.050383
NASDAQNDXEUR,PyMC-sandwich,3.048240
NASDAQNDXL,PyMC-sandwich,2.371559
NASDAQNDXTRND1,PyMC-sandwich,3.470172
NASDAQNETREUR,PyMC-sandwich,3.145617
NASDAQNETRNNRCADMH,PyMC-sandwich,3.156535
NASDAQNGX,PyMC-sandwich,3.012825
NASDAQNGXESG07,PyMC-sandwich,2.838074
NASDAQNGXESG25,PyMC-sandwich,2.952307
NASDAQNGXN,PyMC-sandwich,3.013726
NASDAQNGXTCAD,PyMC-sandwich,3.002183
NASDAQNOMXN120SEKGI,PyMC-sandwich,3.417512
NASDAQNOMXNCOSEKGI,PyMC-sandwich,3.487576
NASDAQNOMXNENSEKGI,PyMC-sandwich,2.783900
NASDAQNOMXNICSEKGI,PyMC-sandwich,3.081288
NASDAQNOMXNMASEKGI,PyMC-sandwich,2.961808
NASDAQNOMXNTPSEKGI,PyMC-sandwich,2.757640
NASDAQNQ5HANDLE,PyMC-sandwich,4.114166
NASDAQNQ7HANDLTL,PyMC-sandwich,3.872160
NASDAQNQASIA15LM,PyMC-sandwich,2.467081
NASDAQNQASIA30LM,PyMC-sandwich,3.248393
NASDAQNQASIA40LM,PyMC-sandwich,3.044899
NASDAQNQASIA50LM,PyMC-sandwich,2.954381
NASDAQNQASIA60LM,PyMC-sandwich,3.328570
NASDAQNQASIALMT,PyMC-sandwich,3.074100
NASDAQNQASPA15LMN,PyMC-sandwich,2.493912
NASDAQNQASPA3010LM,PyMC-sandwich,3.301309
NASDAQNQASPA3030LM,PyMC-sandwich,3.076325
NASDAQNQASPA35LMN,PyMC-sandwich,3.232479
NASDAQNQASPA4020LMN,PyMC-sandwich,3.028752
NASDAQNQASPA4040LMN,PyMC-sandwich,2.607712
NASDAQNQASPA40LMT,PyMC-sandwich,3.075823
NASDAQNQASPA4520LMN,PyMC-sandwich,3.377909
NASDAQNQASPA5010LMN,PyMC-sandwich,3.108144
NASDAQNQASPA50LMT,PyMC-sandwich,2.979484
NASDAQNQASPA5520LMN,PyMC-sandwich,2.854419
NASDAQNQASPA60LMT,PyMC-sandwich,3.388495
NASDAQNQASPALM,PyMC-sandwich,3.106601
NASDAQNQASPAXJPLM,PyMC-sandwich,3.012540
NASDAQNQATLM,PyMC-sandwich,2.902364
NASDAQNQAU10,PyMC-sandwich,2.581614
NASDAQNQAU30,PyMC-sandwich,2.994597
NASDAQNQAU40,PyMC-sandwich,2.999489
NASDAQNQAU50LMT,PyMC-sandwich,3.128357
NASDAQNQAU60LMT,PyMC-sandwich,2.778051
NASDAQNQAULM,PyMC-sandwich,3.201805
NASDAQNQBE20,PyMC-sandwich,2.640692
NASDAQNQBE50,PyMC-sandwich,2.958632
NASDAQNQBEMC,PyMC-sandwich,3.190276
NASDAQNQBR20,PyMC-sandwich,2.477742
NASDAQNQBR35,PyMC-sandwich,2.489995
NASDAQNQBR45LMT,PyMC-sandwich,2.757450
NASDAQNQBR55LMT,PyMC-sandwich,2.724994
NASDAQNQBR65LMT,PyMC-sandwich,2.610226
NASDAQNQBRIC15LMN,PyMC-sandwich,2.829360
NASDAQNQBRIC30LMN,PyMC-sandwich,3.374348
NASDAQNQBRIC40LMN,PyMC-sandwich,2.771322
NASDAQNQBRIC50LMN,PyMC-sandwich,3.215455
NASDAQNQBRIC60LMN,PyMC-sandwich,3.388238
NASDAQNQBRICLMT,PyMC-sandwich,3.228653
NASDAQNQBRN,PyMC-sandwich,2.806768
NASDAQNQCA15,PyMC-sandwich,3.302756
NASDAQNQCA35,PyMC-sandwich,3.371465
NASDAQNQCA45,PyMC-sandwich,3.154337
NASDAQNQCA55,PyMC-sandwich,2.365548
NASDAQNQCA65,PyMC-sandwich,3.622219
NASDAQNQCALMN,PyMC-sandwich,3.344084
NASDAQNQCH10N,PyMC-sandwich,2.684511
NASDAQNQCH30N,PyMC-sandwich,3.128223
NASDAQNQCH45N,PyMC-sandwich,3.009487
NASDAQNQCHLCN,PyMC-sandwich,3.260884
NASDAQNQCHT,PyMC-sandwich,3.295441
NASDAQNQCL45N,PyMC-sandwich,2.720532
NASDAQNQCLLCN,PyMC-sandwich,2.694920
NASDAQNQCLSCT,PyMC-sandwich,2.850261
NASDAQNQCN20LMT,PyMC-sandwich,2.247914
NASDAQNQCN35LMT,PyMC-sandwich,2.561266
NASDAQNQCN45LMT,PyMC-sandwich,2.910145
NASDAQNQCN55LMT,PyMC-sandwich,2.184321
NASDAQNQCN65LMT,PyMC-sandwich,3.033332
NASDAQNQCNN,PyMC-sandwich,2.780983
NASDAQNQCNSCT,PyMC-sandwich,2.900885
NASDAQNQCOLC,PyMC-sandwich,2.506363
NASDAQNQCYBRN,PyMC-sandwich,2.789524
NASDAQNQDE10,PyMC-sandwich,2.577489
NASDAQNQDE30,PyMC-sandwich,3.026231
NASDAQNQDE40,PyMC-sandwich,2.889590
NASDAQNQDE50LMT,PyMC-sandwich,2.709580
NASDAQNQDELC,PyMC-sandwich,3.069388
NASDAQNQDELMGBP,PyMC-sandwich,3.245743
NASDAQNQDESC,PyMC-sandwich,2.968661
NASDAQNQDK30N,PyMC-sandwich,3.007766
NASDAQNQDM35T,PyMC-sandwich,3.549433
NASDAQNQDMASPA35T,PyMC-sandwich,3.364680
NASDAQNQDMEU15N,PyMC-sandwich,3.080766
NASDAQNQDMEU3010LMT,PyMC-sandwich,2.772087
NASDAQNQDMEU3030LMT,PyMC-sandwich,3.171822
NASDAQNQDMEU35N,PyMC-sandwich,3.106985
NASDAQNQDMEU4020LMT,PyMC-sandwich,2.840704
NASDAQNQDMEU4040LMT,PyMC-sandwich,2.867020
NASDAQNQDMEU40N,PyMC-sandwich,3.036623
NASDAQNQDMEU4520LMT,PyMC-sandwich,3.223641
NASDAQNQDMEU5010LMT,PyMC-sandwich,2.870477
NASDAQNQDMEU50N,PyMC-sandwich,2.967720
NASDAQNQDMEU5520LMT,PyMC-sandwich,3.146027
NASDAQNQDMEU60N,PyMC-sandwich,3.039037
NASDAQNQDMEULMN,PyMC-sandwich,3.271438
NASDAQNQDMEUXGBLMN,PyMC-sandwich,3.210769
NASDAQNQDXASPAXJPEURT,PyMC-sandwich,2.759064
NASDAQNQDXDEEURT,PyMC-sandwich,3.082668
NASDAQNQDXEURO,PyMC-sandwich,3.143916
NASDAQNQDXEUT,PyMC-sandwich,3.172961
NASDAQNQDXJPEURTMH,PyMC-sandwich,2.955851
NASDAQNQDXUSLCGBPT,PyMC-sandwich,3.357069
NASDAQNQEM35N,PyMC-sandwich,3.351759
NASDAQNQEMEA10LMT,PyMC-sandwich,2.706673
NASDAQNQEMEA20LMT,PyMC-sandwich,3.058488
NASDAQNQEMEA3020LMN,PyMC-sandwich,3.060692
NASDAQNQEMEA30LMT,PyMC-sandwich,3.020403
NASDAQNQEMEA4010LMN,PyMC-sandwich,2.799748
NASDAQNQEMEA4030LMN,PyMC-sandwich,2.916509
NASDAQNQEMEA4050LMN,PyMC-sandwich,2.833120
NASDAQNQEMEA4510LMN,PyMC-sandwich,3.221123
NASDAQNQEMEA45LMT,PyMC-sandwich,3.299049
NASDAQNQEMEA5020LMN,PyMC-sandwich,2.931673
NASDAQNQEMEA5510LMN,PyMC-sandwich,2.479762
NASDAQNQEMEA55LMT,PyMC-sandwich,2.773726
NASDAQNQEMEA65LMT,PyMC-sandwich,3.172252
NASDAQNQEMEAN,PyMC-sandwich,3.282258
NASDAQNQEMEU20,PyMC-sandwich,2.828855
NASDAQNQEMEU3020T,PyMC-sandwich,2.717101
NASDAQNQEMEU4010T,PyMC-sandwich,2.706232
NASDAQNQEMEU40LMT,PyMC-sandwich,2.867594
NASDAQNQEMEU45LMT,PyMC-sandwich,2.857232
NASDAQNQEMEU5510,PyMC-sandwich,2.443457
NASDAQNQEMEU55N,PyMC-sandwich,2.491641
NASDAQNQEMEULCN,PyMC-sandwich,3.009415
NASDAQNQEMMEA35LMT,PyMC-sandwich,2.941541
NASDAQNQEU15,PyMC-sandwich,3.094487
NASDAQNQEU3010LM,PyMC-sandwich,2.785672
NASDAQNQEU3030N,PyMC-sandwich,3.188116
NASDAQNQEU4010LM,PyMC-sandwich,2.803450
NASDAQNQEU4040,PyMC-sandwich,2.992406
NASDAQNQEU40T,PyMC-sandwich,3.055034
NASDAQNQEU50,PyMC-sandwich,2.971016
NASDAQNQEU50T,PyMC-sandwich,2.973412
NASDAQNQEU55LM,PyMC-sandwich,2.880050
NASDAQNQEU65T,PyMC-sandwich,3.174944
NASDAQNQEURO50,PyMC-sandwich,3.210114
NASDAQNQEUROLMGBPN,PyMC-sandwich,3.357339
NASDAQNQEUROZ15LMN,PyMC-sandwich,2.961981
NASDAQNQEUROZ3010LMT,PyMC-sandwich,2.696767
NASDAQNQEUROZ30LMT,PyMC-sandwich,2.891426
NASDAQNQEUROZ4010N,PyMC-sandwich,2.798321
NASDAQNQEUROZ4030N,PyMC-sandwich,2.873530
NASDAQNQEUROZ4050N,PyMC-sandwich,2.769278
NASDAQNQEUROZ4520LMT,PyMC-sandwich,3.167884
NASDAQNQEUROZ5020LMN,PyMC-sandwich,2.841900
NASDAQNQEUROZ5510LMT,PyMC-sandwich,2.550815
NASDAQNQEUROZ60LM,PyMC-sandwich,2.995718
NASDAQNQEUSCN,PyMC-sandwich,3.253423
NASDAQNQFR35T,PyMC-sandwich,3.104780
NASDAQNQGIHEIGBP,PyMC-sandwich,3.870378
NASDAQNQIL35T,PyMC-sandwich,2.580071
NASDAQNQLA35,PyMC-sandwich,2.993553
NASDAQNQMX35T,PyMC-sandwich,2.949086
NASDAQNQNZ35,PyMC-sandwich,3.157719
NASDAQNQSG35LM,PyMC-sandwich,3.299222
NASDAQNQUSB302030LM,PyMC-sandwich,2.942355
NASDAQNQUSB35101015LMN,PyMC-sandwich,2.649747
NASDAQNQUSB351020LMT,PyMC-sandwich,3.299769
NASDAQNQUSHEIGBPN,PyMC-sandwich,3.245296
NASDAQNQUSL40204020GBPT,PyMC-sandwich,2.443219
NASDAQNQUSM35N,PyMC-sandwich,3.245318
NASDAQNQUSS35101015T,PyMC-sandwich,2.365880
NASDAQNQXAUAGRAUDNMH,PyMC-sandwich,3.394928
NASDAQNQXAUHAUDNMH,PyMC-sandwich,3.326135
NASDAQOMXNSCEURPI,PyMC-sandwich,3.323611
NASDAQXDE,PyMC-sandwich,4.111863
NASDAQXNDXJPY,PyMC-sandwich,2.954647
DEXHKUS,PyMC-sandwich,6.437179
DEXTAUS,PyMC-sandwich,4.301054
DJIA,PyMC-sandwich,3.391360
EQMRKTSD678FRBCLE,PyMC-sandwich,2.574731
IHLIDX44700,PyMC-sandwich,5.240152
IUDZOS2,PyMC-sandwich,11.306927
NASDAQBEWELL,PyMC-sandwich,3.021751
NASDAQCAPEXAN,PyMC-sandwich,3.502008
NASDAQCHXN9000NX,PyMC-sandwich,2.552479
NASDAQCX601010GI,PyMC-sandwich,1.394124
NASDAQDAAXJPHKD,PyMC-sandwich,3.378065
NASDAQDAY,PyMC-sandwich,3.216897
NASDAQDVG,PyMC-sandwich,3.523542
NASDAQDWACSMT,PyMC-sandwich,3.278538
NASDAQFNDKEURPI,PyMC-sandwich,3.221318
NASDAQGRNWATERLEURNNR,PyMC-sandwich,3.443063
NASDAQHX35GI,PyMC-sandwich,2.927095
NASDAQINDSSCTR,PyMC-sandwich,3.033507
NASDAQLVDAKRWN,PyMC-sandwich,3.198599
NASDAQN3010EURPI,PyMC-sandwich,3.076704
NASDAQN4020EURPI,PyMC-sandwich,2.925929
NASDAQN4520PI,PyMC-sandwich,3.306386
NASDAQN5520EURPI,PyMC-sandwich,2.832651
NASDAQNCXCAD,PyMC-sandwich,2.597093
NASDAQNCXNHKD,PyMC-sandwich,2.610803
NASDAQNDXCAD,PyMC-sandwich,3.090372
NASDAQNDXECHF,PyMC-sandwich,3.114030
NASDAQNDXESG01,PyMC-sandwich,3.088726
NASDAQNDXESG16,PyMC-sandwich,3.020901
NASDAQNDXEURH,PyMC-sandwich,3.056753
NASDAQNDXL3,PyMC-sandwich,1.960674
NASDAQNDXX,PyMC-sandwich,3.484375
NASDAQNETREURMH,PyMC-sandwich,3.157622
NASDAQNETRNNRCHF,PyMC-sandwich,3.114921
NASDAQNGXAUD,PyMC-sandwich,3.040931
NASDAQNGXESG11,PyMC-sandwich,2.935431
NASDAQNGXESG26,PyMC-sandwich,2.914954
NASDAQNGXN2D,PyMC-sandwich,3.016142
NASDAQNGXTCADMH,PyMC-sandwich,3.022408
NASDAQNOMXN120SEKNI,PyMC-sandwich,3.418320
NASDAQNOMXNCOSEKNI,PyMC-sandwich,3.487845
NASDAQNOMXNENSEKNI,PyMC-sandwich,2.774920
NASDAQNOMXNICSEKNI,PyMC-sandwich,3.080270
NASDAQNOMXNMASEKNI,PyMC-sandwich,2.965848
NASDAQNOMXNTPSEKNI,PyMC-sandwich,2.758907
NASDAQNQ5HANDLN,PyMC-sandwich,4.130729
NASDAQNQ7HANDLTLE,PyMC-sandwich,3.874868
NASDAQNQASIA15LMN,PyMC-sandwich,2.466311
NASDAQNQASIA30LMN,PyMC-sandwich,3.253227
NASDAQNQASIA40LMN,PyMC-sandwich,3.042491
NASDAQNQASIA50LMN,PyMC-sandwich,2.953991
NASDAQNQASIA60LMN,PyMC-sandwich,3.330844
NASDAQNQASIAN,PyMC-sandwich,3.109940
NASDAQNQASPA15LMT,PyMC-sandwich,2.490734
NASDAQNQASPA3010LMN,PyMC-sandwich,3.298284
NASDAQNQASPA3030LMN,PyMC-sandwich,3.075914
NASDAQNQASPA35LMT,PyMC-sandwich,3.233157
NASDAQNQASPA4020LMT,PyMC-sandwich,3.022328
NASDAQNQASPA4040LMT,PyMC-sandwich,2.612461
NASDAQNQASPA40N,PyMC-sandwich,3.150172
NASDAQNQASPA4520LMT,PyMC-sandwich,3.376250
NASDAQNQASPA5010LMT,PyMC-sandwich,3.111584
NASDAQNQASPA50N,PyMC-sandwich,3.026579
NASDAQNQASPA5520LMT,PyMC-sandwich,2.859704
NASDAQNQASPA60N,PyMC-sandwich,3.405647
NASDAQNQASPALMN,PyMC-sandwich,3.105962
NASDAQNQASPAXJPLMN,PyMC-sandwich,3.020423
NASDAQNQATLMN,PyMC-sandwich,2.899046
NASDAQNQAU10N,PyMC-sandwich,2.573783
NASDAQNQAU30LM,PyMC-sandwich,2.964064
NASDAQNQAU40LM,PyMC-sandwich,2.958758
NASDAQNQAU50N,PyMC-sandwich,3.151890
NASDAQNQAU60N,PyMC-sandwich,2.918005
NASDAQNQAULMN,PyMC-sandwich,3.193364
NASDAQNQBE20N,PyMC-sandwich,2.640537
NASDAQNQBE50N,PyMC-sandwich,2.967916
NASDAQNQBEMCN,PyMC-sandwich,3.192020
NASDAQNQBR20LM,PyMC-sandwich,2.427203
NASDAQNQBR35N,PyMC-sandwich,2.487144
NASDAQNQBR45N,PyMC-sandwich,2.757176
NASDAQNQBR55N,PyMC-sandwich,2.731603
NASDAQNQBR65N,PyMC-sandwich,2.642744
NASDAQNQBRIC15LMT,PyMC-sandwich,2.829310
NASDAQNQBRIC30LMT,PyMC-sandwich,3.372948
NASDAQNQBRIC40LMT,PyMC-sandwich,2.772743
NASDAQNQBRIC50LMT,PyMC-sandwich,3.214665
NASDAQNQBRIC60LMT,PyMC-sandwich,3.390601
NASDAQNQBRICN,PyMC-sandwich,3.228954
NASDAQNQBRSC,PyMC-sandwich,2.643852
NASDAQNQCA15N,PyMC-sandwich,3.309222
NASDAQNQCA35LM,PyMC-sandwich,2.746941
NASDAQNQCA45LM,PyMC-sandwich,3.045900
NASDAQNQCA55LM,PyMC-sandwich,2.383265
NASDAQNQCA65LM,PyMC-sandwich,3.437932
NASDAQNQCALMT,PyMC-sandwich,3.335413
NASDAQNQCH10T,PyMC-sandwich,2.686829
NASDAQNQCH30T,PyMC-sandwich,3.127376
NASDAQNQCH45T,PyMC-sandwich,3.005821
NASDAQNQCHLCT,PyMC-sandwich,3.260838
NASDAQNQCL,PyMC-sandwich,2.733149
NASDAQNQCL45T,PyMC-sandwich,2.721704
NASDAQNQCLLCT,PyMC-sandwich,2.695976
NASDAQNQCLT,PyMC-sandwich,2.739891
NASDAQNQCN20N,PyMC-sandwich,2.320875
NASDAQNQCN35N,PyMC-sandwich,2.640120
NASDAQNQCN45N,PyMC-sandwich,2.949539
NASDAQNQCN55N,PyMC-sandwich,2.231088
NASDAQNQCN65N,PyMC-sandwich,3.032426
NASDAQNQCNNEW,PyMC-sandwich,2.758547
NASDAQNQCNT,PyMC-sandwich,2.779973
NASDAQNQCOLCN,PyMC-sandwich,2.514350
NASDAQNQCYBRT,PyMC-sandwich,2.793540
NASDAQNQDE10LM,PyMC-sandwich,2.555395
NASDAQNQDE30LM,PyMC-sandwich,3.024109
NASDAQNQDE40LM,PyMC-sandwich,2.858305
NASDAQNQDE50N,PyMC-sandwich,2.713278
NASDAQNQDELCT,PyMC-sandwich,3.066635
NASDAQNQDELMGBPN,PyMC-sandwich,3.247405
NASDAQNQDESCN,PyMC-sandwich,2.966695
NASDAQNQDK30T,PyMC-sandwich,3.006373
NASDAQNQDMASIA35,PyMC-sandwich,3.324119
NASDAQNQDMEU,PyMC-sandwich,3.278877
NASDAQNQDMEU15T,PyMC-sandwich,3.078078
NASDAQNQDMEU3010N,PyMC-sandwich,2.784216
NASDAQNQDMEU3030N,PyMC-sandwich,3.185364
NASDAQNQDMEU35T,PyMC-sandwich,3.114253
NASDAQNQDMEU4020N,PyMC-sandwich,2.879743
NASDAQNQDMEU4040N,PyMC-sandwich,2.986955
NASDAQNQDMEU40T,PyMC-sandwich,3.038384
NASDAQNQDMEU4520N,PyMC-sandwich,3.257988
NASDAQNQDMEU5010N,PyMC-sandwich,2.903626
NASDAQNQDMEU50T,PyMC-sandwich,2.960477
NASDAQNQDMEU5520N,PyMC-sandwich,3.134574
NASDAQNQDMEU60T,PyMC-sandwich,3.044765
NASDAQNQDMEULMT,PyMC-sandwich,3.274966
NASDAQNQDMEUXGBLMT,PyMC-sandwich,3.218030
NASDAQNQDXASPAXJPGBP,PyMC-sandwich,2.766441
NASDAQNQDXDEGBP,PyMC-sandwich,3.074886
NASDAQNQDXEUROEUR,PyMC-sandwich,3.332673
NASDAQNQDXGBEUR,PyMC-sandwich,3.309560
NASDAQNQDXJPGBP,PyMC-sandwich,2.939383
NASDAQNQDXUSSCEUR,PyMC-sandwich,2.982509
NASDAQNQEM35T,PyMC-sandwich,3.353452
NASDAQNQEMEA10N,PyMC-sandwich,2.739759
NASDAQNQEMEA20N,PyMC-sandwich,3.068379
NASDAQNQEMEA3020LMT,PyMC-sandwich,3.063939
NASDAQNQEMEA30N,PyMC-sandwich,3.038141
NASDAQNQEMEA4010LMT,PyMC-sandwich,2.804823
NASDAQNQEMEA4030LMT,PyMC-sandwich,2.920359
NASDAQNQEMEA4050LMT,PyMC-sandwich,2.838068
NASDAQNQEMEA4510LMT,PyMC-sandwich,3.216869
NASDAQNQEMEA45N,PyMC-sandwich,3.325452
NASDAQNQEMEA5020LMT,PyMC-sandwich,2.927458
NASDAQNQEMEA5510LMT,PyMC-sandwich,2.478988
NASDAQNQEMEA55N,PyMC-sandwich,2.775877
NASDAQNQEMEA65N,PyMC-sandwich,3.202521
NASDAQNQEMEASC,PyMC-sandwich,3.269137
NASDAQNQEMEU20N,PyMC-sandwich,2.843302
NASDAQNQEMEU30LM,PyMC-sandwich,2.787643
NASDAQNQEMEU4020,PyMC-sandwich,2.714169
NASDAQNQEMEU40N,PyMC-sandwich,2.912009
NASDAQNQEMEU45N,PyMC-sandwich,2.906493
NASDAQNQEMEU5510LM,PyMC-sandwich,2.261123
NASDAQNQEMEU60LM,PyMC-sandwich,2.821480
NASDAQNQEMEULCT,PyMC-sandwich,3.002409
NASDAQNQEMMEA35N,PyMC-sandwich,2.992558
NASDAQNQEU15LM,PyMC-sandwich,3.071838
NASDAQNQEU3010LMN,PyMC-sandwich,2.789244
NASDAQNQEU3030T,PyMC-sandwich,3.189450
NASDAQNQEU4010LMN,PyMC-sandwich,2.802981
NASDAQNQEU4040LMN,PyMC-sandwich,2.876141
NASDAQNQEU4510,PyMC-sandwich,3.242704
NASDAQNQEU5010,PyMC-sandwich,2.920190
NASDAQNQEU55,PyMC-sandwich,2.867049
NASDAQNQEU55LMN,PyMC-sandwich,2.879188
NASDAQNQEULC,PyMC-sandwich,3.270085
NASDAQNQEURO50N,PyMC-sandwich,3.224153
NASDAQNQEUROLMGBPT,PyMC-sandwich,3.358512
NASDAQNQEUROZ15LMT,PyMC-sandwich,2.957773
NASDAQNQEUROZ3010N,PyMC-sandwich,2.695631
NASDAQNQEUROZ30N,PyMC-sandwich,2.901069
NASDAQNQEUROZ4010T,PyMC-sandwich,2.797680
NASDAQNQEUROZ4030T,PyMC-sandwich,2.869901
NASDAQNQEUROZ4050T,PyMC-sandwich,2.773633
NASDAQNQEUROZ4520N,PyMC-sandwich,3.221840
NASDAQNQEUROZ5020LMT,PyMC-sandwich,2.838922
NASDAQNQEUROZ5510N,PyMC-sandwich,2.610602
NASDAQNQEUROZ60LMN,PyMC-sandwich,2.995913
NASDAQNQEUT,PyMC-sandwich,3.278946
NASDAQNQG35,PyMC-sandwich,3.579305
NASDAQNQGIHEIGBPN,PyMC-sandwich,3.873203
NASDAQNQIN35,PyMC-sandwich,2.656920
NASDAQNQLA35LM,PyMC-sandwich,2.890009
NASDAQNQMY35,PyMC-sandwich,3.166274
NASDAQNQNZ35N,PyMC-sandwich,3.152903
NASDAQNQSG35LMN,PyMC-sandwich,3.314141
NASDAQNQUSB302030LMN,PyMC-sandwich,2.964347
NASDAQNQUSB35101015LMT,PyMC-sandwich,2.651437
NASDAQNQUSB351020N,PyMC-sandwich,3.307523
NASDAQNQUSHEIGBPT,PyMC-sandwich,3.247501
NASDAQNQUSL40204020JPY,PyMC-sandwich,2.344538
NASDAQNQUSM35T,PyMC-sandwich,3.248039
NASDAQNQUSS351010N,PyMC-sandwich,2.568834
NASDAQNQXAUAGRAUDTMH,PyMC-sandwich,3.394399
NASDAQNQXAUHAUDTMH,PyMC-sandwich,3.326112
NASDAQOSV,PyMC-sandwich,2.545605
NASDAQXDN,PyMC-sandwich,3.904129
NASDAQXNDXJPYMH,PyMC-sandwich,3.053533
DEXINUS,PyMC-sandwich,4.335822
DEXTHUS,PyMC-sandwich,3.875225
DJTA,PyMC-sandwich,2.810390
GVZCLS,PyMC-sandwich,1.425222
IHLIDXAUTPLOST,PyMC-sandwich,4.689656
KCROROG,PyMC-sandwich,-1.599557
NASDAQBEWELLAU,PyMC-sandwich,3.004446
NASDAQCAPEXAT,PyMC-sandwich,3.503460
NASDAQCHXN9000X,PyMC-sandwich,2.547432
NASDAQCX601010PI,PyMC-sandwich,1.396041
NASDAQDAAXJPHKDN,PyMC-sandwich,3.369125
NASDAQDAYTR,PyMC-sandwich,3.215624
NASDAQDVGCAD,PyMC-sandwich,3.512668
NASDAQDWAMLV,PyMC-sandwich,3.507762
NASDAQFNFIEURGI,PyMC-sandwich,3.298669
NASDAQGRNWATERLEURX,PyMC-sandwich,3.445315
NASDAQHX35PI,PyMC-sandwich,2.901289
NASDAQINSR,PyMC-sandwich,3.033847
NASDAQLVDAKRWT,PyMC-sandwich,3.194075
NASDAQN3020GI,PyMC-sandwich,2.928849
NASDAQN4030EURGI,PyMC-sandwich,3.093393
NASDAQN45EURGI,PyMC-sandwich,3.461286
NASDAQN55EURGI,PyMC-sandwich,2.862338
NASDAQNCXCHF,PyMC-sandwich,2.603104
NASDAQNCXNJPY,PyMC-sandwich,2.588873
NASDAQNDXCADH,PyMC-sandwich,3.053127
NASDAQNDXECHFMH,PyMC-sandwich,3.155622
NASDAQNDXESG02,PyMC-sandwich,3.038566
NASDAQNDXESG17,PyMC-sandwich,2.912993
NASDAQNDXEURMH,PyMC-sandwich,3.057833
NASDAQNDXNNEE5,PyMC-sandwich,3.048080
NASDAQNETLX,PyMC-sandwich,3.230523
NASDAQNETRGBP,PyMC-sandwich,3.199218
NASDAQNETRNNRCHFMH,PyMC-sandwich,3.157864
NASDAQNGXCAD,PyMC-sandwich,3.007007
NASDAQNGXESG12,PyMC-sandwich,2.908986
NASDAQNGXESG27,PyMC-sandwich,2.838468
NASDAQNGXNAUD,PyMC-sandwich,3.040027
NASDAQNGXTCHF,PyMC-sandwich,2.985221
NASDAQNOMXNBI,PyMC-sandwich,3.202830
NASDAQNOMXNCR,PyMC-sandwich,2.945420
NASDAQNOMXNHC,PyMC-sandwich,2.869389
NASDAQNOMXNIN,PyMC-sandwich,2.899613
NASDAQNOMXNTI,PyMC-sandwich,2.957982
NASDAQNOMXSCSEGI,PyMC-sandwich,3.188107
NASDAQNQ5HANDLNE,PyMC-sandwich,4.130024
NASDAQNQ96DIVUS,PyMC-sandwich,2.961360
NASDAQNQASIA15LMT,PyMC-sandwich,2.464898
NASDAQNQASIA30LMT,PyMC-sandwich,3.244097
NASDAQNQASIA40LMT,PyMC-sandwich,3.053245
NASDAQNQASIA50LMT,PyMC-sandwich,2.956312
NASDAQNQASIA60LMT,PyMC-sandwich,3.332518
NASDAQNQASIAT,PyMC-sandwich,3.117101
NASDAQNQASPA15N,PyMC-sandwich,2.517213
NASDAQNQASPA3010LMT,PyMC-sandwich,3.296269
NASDAQNQASPA3030LMT,PyMC-sandwich,3.081979
NASDAQNQASPA35N,PyMC-sandwich,3.404307
NASDAQNQASPA4020N,PyMC-sandwich,3.121832
NASDAQNQASPA4040N,PyMC-sandwich,2.722399
NASDAQNQASPA40T,PyMC-sandwich,3.152203
NASDAQNQASPA4520N,PyMC-sandwich,3.432837
NASDAQNQASPA5010N,PyMC-sandwich,3.165836
NASDAQNQASPA50T,PyMC-sandwich,3.030227
NASDAQNQASPA5520N,PyMC-sandwich,2.937092
NASDAQNQASPA60T,PyMC-sandwich,3.400862
NASDAQNQASPALMT,PyMC-sandwich,3.104428
NASDAQNQASPAXJPLMT,PyMC-sandwich,3.018229
NASDAQNQATLMT,PyMC-sandwich,2.907777
NASDAQNQAU10T,PyMC-sandwich,2.570918
NASDAQNQAU30LMN,PyMC-sandwich,2.967347
NASDAQNQAU40LMN,PyMC-sandwich,2.966018
NASDAQNQAU50T,PyMC-sandwich,3.145088
NASDAQNQAU60T,PyMC-sandwich,2.918546
NASDAQNQAULMT,PyMC-sandwich,3.199803
NASDAQNQBE20T,PyMC-sandwich,2.640865
NASDAQNQBE50T,PyMC-sandwich,2.967351
NASDAQNQBEMCT,PyMC-sandwich,3.188974
NASDAQNQBR20LMN,PyMC-sandwich,2.446664
NASDAQNQBR35T,PyMC-sandwich,2.492882
NASDAQNQBR45T,PyMC-sandwich,2.762392
NASDAQNQBR55T,PyMC-sandwich,2.722877
NASDAQNQBR65T,PyMC-sandwich,2.640914
NASDAQNQBRIC15N,PyMC-sandwich,2.846256
NASDAQNQBRIC30N,PyMC-sandwich,3.371233
NASDAQNQBRIC40N,PyMC-sandwich,2.813178
NASDAQNQBRIC50N,PyMC-sandwich,3.231851
NASDAQNQBRIC60N,PyMC-sandwich,3.395691
NASDAQNQBRICT,PyMC-sandwich,3.235066
NASDAQNQBRSCN,PyMC-sandwich,2.641369
NASDAQNQCA15T,PyMC-sandwich,3.306096
NASDAQNQCA35LMN,PyMC-sandwich,2.749127
NASDAQNQCA45LMN,PyMC-sandwich,3.052315
NASDAQNQCA55LMN,PyMC-sandwich,2.387178
NASDAQNQCA65LMN,PyMC-sandwich,3.433757
NASDAQNQCAMC,PyMC-sandwich,3.284078
NASDAQNQCH20,PyMC-sandwich,3.016681
NASDAQNQCH35,PyMC-sandwich,3.273860
NASDAQNQCH50,PyMC-sandwich,2.921169
NASDAQNQCHLM,PyMC-sandwich,3.287808
NASDAQNQCL30,PyMC-sandwich,2.639166
NASDAQNQCL50,PyMC-sandwich,2.892285
NASDAQNQCLLM,PyMC-sandwich,2.700213
NASDAQNQCN,PyMC-sandwich,2.788353
NASDAQNQCN20T,PyMC-sandwich,2.322797
NASDAQNQCN35T,PyMC-sandwich,2.643346
NASDAQNQCN45T,PyMC-sandwich,2.953847
NASDAQNQCN55T,PyMC-sandwich,2.235385
NASDAQNQCN65T,PyMC-sandwich,3.031464
NASDAQNQCNNEWCNY,PyMC-sandwich,2.770774
NASDAQNQCO,PyMC-sandwich,2.589510
NASDAQNQCOLCT,PyMC-sandwich,2.512803
NASDAQNQCZ,PyMC-sandwich,3.192518
NASDAQNQDE10LMN,PyMC-sandwich,2.557141
NASDAQNQDE30LMN,PyMC-sandwich,3.031043
NASDAQNQDE40LMN,PyMC-sandwich,2.863716
NASDAQNQDE50T,PyMC-sandwich,2.714491
NASDAQNQDELM,PyMC-sandwich,3.086643
NASDAQNQDELMGBPT,PyMC-sandwich,3.247006
NASDAQNQDESCT,PyMC-sandwich,2.965476
NASDAQNQDK50,PyMC-sandwich,2.830381
NASDAQNQDMASIA35LM,PyMC-sandwich,3.099648
NASDAQNQDMEU10,PyMC-sandwich,2.725846
NASDAQNQDMEU20,PyMC-sandwich,3.053383
NASDAQNQDMEU3010T,PyMC-sandwich,2.787388
NASDAQNQDMEU3030T,PyMC-sandwich,3.185788
NASDAQNQDMEU40,PyMC-sandwich,3.036896
NASDAQNQDMEU4020T,PyMC-sandwich,2.882018
NASDAQNQDMEU4040T,PyMC-sandwich,2.985603
NASDAQNQDMEU45,PyMC-sandwich,3.293644
NASDAQNQDMEU4520T,PyMC-sandwich,3.258332
NASDAQNQDMEU5010T,PyMC-sandwich,2.901385
NASDAQNQDMEU55,PyMC-sandwich,2.856525
NASDAQNQDMEU5520T,PyMC-sandwich,3.136185
NASDAQNQDMEU65,PyMC-sandwich,3.170461
NASDAQNQDMEUMC,PyMC-sandwich,3.279243
NASDAQNQDMEUXGBN,PyMC-sandwich,3.223034
NASDAQNQDXASPAXJPGBPN,PyMC-sandwich,2.766821
NASDAQNQDXDEGBPN,PyMC-sandwich,3.070330
NASDAQNQDXEUROEURN,PyMC-sandwich,3.330438
NASDAQNQDXGBEURN,PyMC-sandwich,3.314153
NASDAQNQDXJPGBPN,PyMC-sandwich,2.952927
NASDAQNQDXUSSCEURN,PyMC-sandwich,2.982040
NASDAQNQEMASIA35,PyMC-sandwich,3.194048
NASDAQNQEMEA10T,PyMC-sandwich,2.742491
NASDAQNQEMEA20T,PyMC-sandwich,3.071307
NASDAQNQEMEA3020N,PyMC-sandwich,3.102919
NASDAQNQEMEA30T,PyMC-sandwich,3.034678
NASDAQNQEMEA4010N,PyMC-sandwich,2.809819
NASDAQNQEMEA4030N,PyMC-sandwich,2.978636
NASDAQNQEMEA4050N,PyMC-sandwich,2.916643
NASDAQNQEMEA4510N,PyMC-sandwich,3.250930
NASDAQNQEMEA45T,PyMC-sandwich,3.322641
NASDAQNQEMEA5020N,PyMC-sandwich,2.964445
NASDAQNQEMEA5510N,PyMC-sandwich,2.468431
NASDAQNQEMEA55T,PyMC-sandwich,2.778444
NASDAQNQEMEA65T,PyMC-sandwich,3.189181
NASDAQNQEMEASCN,PyMC-sandwich,3.274415
NASDAQNQEMEU20T,PyMC-sandwich,2.847754
NASDAQNQEMEU30LMN,PyMC-sandwich,2.789711
NASDAQNQEMEU4020N,PyMC-sandwich,2.720164
NASDAQNQEMEU40T,PyMC-sandwich,2.909867
NASDAQNQEMEU45T,PyMC-sandwich,2.904910
NASDAQNQEMEU5510LMN,PyMC-sandwich,2.257554
NASDAQNQEMEU60LMN,PyMC-sandwich,2.846762
NASDAQNQEMEULM,PyMC-sandwich,3.037144
NASDAQNQEMMEA35T,PyMC-sandwich,2.999726
NASDAQNQEU15LMT,PyMC-sandwich,3.068950
NASDAQNQEU3010N,PyMC-sandwich,2.800546
NASDAQNQEU30LM,PyMC-sandwich,2.993906
NASDAQNQEU4010T,PyMC-sandwich,2.813191
NASDAQNQEU4040LMT,PyMC-sandwich,2.878475
NASDAQNQEU4510LMN,PyMC-sandwich,3.216154
NASDAQNQEU5010LMT,PyMC-sandwich,2.872346
NASDAQNQEU5510,PyMC-sandwich,2.534801
NASDAQNQEU55N,PyMC-sandwich,2.858419
NASDAQNQEULCN,PyMC-sandwich,3.256043
NASDAQNQEURO50T,PyMC-sandwich,3.224142
NASDAQNQEUROLMJPYN,PyMC-sandwich,3.170858
NASDAQNQEUROZ15N,PyMC-sandwich,2.992179
NASDAQNQEUROZ3020,PyMC-sandwich,3.237925
NASDAQNQEUROZ35,PyMC-sandwich,3.040265
NASDAQNQEUROZ4020,PyMC-sandwich,2.791873
NASDAQNQEUROZ4040,PyMC-sandwich,2.829139
NASDAQNQEUROZ40LMT,PyMC-sandwich,2.938121
NASDAQNQEUROZ4520T,PyMC-sandwich,3.227554
NASDAQNQEUROZ5020N,PyMC-sandwich,2.867729
NASDAQNQEUROZ5510T,PyMC-sandwich,2.611573
NASDAQNQEUROZ60LMT,PyMC-sandwich,2.992312
NASDAQNQEUXGB,PyMC-sandwich,3.239887
NASDAQNQG35LMT,PyMC-sandwich,3.497767
NASDAQNQGIHEIGBPT,PyMC-sandwich,3.870843
NASDAQNQIN35T,PyMC-sandwich,2.655028
NASDAQNQLA35LMT,PyMC-sandwich,2.892053
NASDAQNQMY35N,PyMC-sandwich,3.166462
NASDAQNQNZ35T,PyMC-sandwich,3.148977
NASDAQNQSG35LMT,PyMC-sandwich,3.316723
NASDAQNQUSB302030LMT,PyMC-sandwich,2.962810
NASDAQNQUSB35101015N,PyMC-sandwich,2.649866
NASDAQNQUSB351020T,PyMC-sandwich,3.307573
NASDAQNQUSL35,PyMC-sandwich,3.269652
NASDAQNQUSM302030,PyMC-sandwich,2.941187
NASDAQNQUSS302030,PyMC-sandwich,3.097473
NASDAQNQUSS351010T,PyMC-sandwich,2.570058
NASDAQNQXAUBAUDMH,PyMC-sandwich,3.297483
NASDAQNQZA35,PyMC-sandwich,2.960268
NASDAQOSX,PyMC-sandwich,2.514721
NASDAQXNBIJPY,PyMC-sandwich,2.849072
NASDAQXNDXNNRAUDMH,PyMC-sandwich,3.059375
DEXJPUS,PyMC-sandwich,3.843458
DEXUSAL,PyMC-sandwich,3.811997
DJUA,PyMC-sandwich,3.241475
IHLCHGAUTPLOST,PyMC-sandwich,-1.392742
IHLIDXAUTPREALESTA,PyMC-sandwich,4.231715
NASDAQ100,PyMC-sandwich,3.057500
NASDAQBEWELLAUNR,PyMC-sandwich,3.005157
NASDAQCELS,PyMC-sandwich,2.304373
NASDAQCOM,PyMC-sandwich,3.067115
NASDAQDAA,PyMC-sandwich,3.623498
NASDAQDAAXJPHKDT,PyMC-sandwich,3.368104
NASDAQDRB,PyMC-sandwich,3.277615
NASDAQDVGCADH,PyMC-sandwich,3.529048
NASDAQEMCLOUD,PyMC-sandwich,2.423760
NASDAQFNFIEURPI,PyMC-sandwich,3.292049
NASDAQGRNWATERLNNR,PyMC-sandwich,3.349151
NASDAQHX601010GI,PyMC-sandwich,2.141410
NASDAQIX35GI,PyMC-sandwich,3.318367
NASDAQLVDAN,PyMC-sandwich,3.505819
NASDAQN3020PI,PyMC-sandwich,2.930210
NASDAQN4030EURPI,PyMC-sandwich,3.094637
NASDAQN45EURPI,PyMC-sandwich,3.454402
NASDAQN55EURPI,PyMC-sandwich,2.871622
NASDAQNCXEUR,PyMC-sandwich,2.621041
NASDAQNCXT,PyMC-sandwich,2.609962
NASDAQNDXCHF,PyMC-sandwich,2.983694
NASDAQNDXEEUR,PyMC-sandwich,3.148706
NASDAQNDXESG03,PyMC-sandwich,2.954226
NASDAQNDXESG21,PyMC-sandwich,3.085407
NASDAQNDXG02MH,PyMC-sandwich,3.009482
NASDAQNDXS1,PyMC-sandwich,3.060527
NASDAQNETLXN,PyMC-sandwich,3.235448
NASDAQNETRGBPMH,PyMC-sandwich,3.153361
NASDAQNETRNNREUR,PyMC-sandwich,3.146650
NASDAQNGXCADMH,PyMC-sandwich,3.018505
NASDAQNGXESG13,PyMC-sandwich,2.873943
NASDAQNGXESGN,PyMC-sandwich,2.908576
NASDAQNGXNCAD,PyMC-sandwich,3.003672
NASDAQNGXTEUR,PyMC-sandwich,3.008961
NASDAQNOMXNBIGI,PyMC-sandwich,3.202549
NASDAQNOMXNCRGI,PyMC-sandwich,2.949012
NASDAQNOMXNHCGI,PyMC-sandwich,2.868616
NASDAQNOMXNINGI,PyMC-sandwich,2.902036
NASDAQNOMXNTIGI,PyMC-sandwich,2.958395
NASDAQNOMXSCSENI,PyMC-sandwich,3.184869
NASDAQNQ5HANDLT,PyMC-sandwich,4.135702
NASDAQNQ96DIVUSX,PyMC-sandwich,2.961031
NASDAQNQASIA15N,PyMC-sandwich,2.492881
NASDAQNQASIA30N,PyMC-sandwich,3.226210
NASDAQNQASIA40N,PyMC-sandwich,3.126795
NASDAQNQASIA50N,PyMC-sandwich,3.004013
NASDAQNQASIA60N,PyMC-sandwich,3.342927
NASDAQNQASPA,PyMC-sandwich,3.150265
NASDAQNQASPA15T,PyMC-sandwich,2.521602
NASDAQNQASPA3010N,PyMC-sandwich,3.275582
NASDAQNQASPA3030N,PyMC-sandwich,3.085271
NASDAQNQASPA35T,PyMC-sandwich,3.404315
NASDAQNQASPA4020T,PyMC-sandwich,3.119626
NASDAQNQASPA4040T,PyMC-sandwich,2.720446
NASDAQNQASPA45,PyMC-sandwich,3.614482
NASDAQNQASPA4520T,PyMC-sandwich,3.431487
NASDAQNQASPA5010T,PyMC-sandwich,3.164748
NASDAQNQASPA55,PyMC-sandwich,2.876441
NASDAQNQASPA5520T,PyMC-sandwich,2.939681
NASDAQNQASPA65,PyMC-sandwich,3.511664
NASDAQNQASPAMC,PyMC-sandwich,3.218916
NASDAQNQASPAXJPN,PyMC-sandwich,3.043334
NASDAQNQATMC,PyMC-sandwich,3.030313
NASDAQNQAU15,PyMC-sandwich,3.233393
NASDAQNQAU30LMT,PyMC-sandwich,2.967040
NASDAQNQAU40LMT,PyMC-sandwich,2.966025
NASDAQNQAU55,PyMC-sandwich,2.560450
NASDAQNQAU65,PyMC-sandwich,2.994365
NASDAQNQAUMC,PyMC-sandwich,3.281220
NASDAQNQBE30,PyMC-sandwich,3.037515
NASDAQNQBE55,PyMC-sandwich,2.612183
NASDAQNQBEN,PyMC-sandwich,3.227832
NASDAQNQBR20LMT,PyMC-sandwich,2.448462
NASDAQNQBR40,PyMC-sandwich,2.410151
NASDAQNQBR50,PyMC-sandwich,2.669743
NASDAQNQBR60,PyMC-sandwich,2.717471
NASDAQNQBRIC,PyMC-sandwich,3.225121
NASDAQNQBRIC15T,PyMC-sandwich,2.842932
NASDAQNQBRIC30T,PyMC-sandwich,3.369869
NASDAQNQBRIC40T,PyMC-sandwich,2.811142
NASDAQNQBRIC50T,PyMC-sandwich,3.228765
NASDAQNQBRIC60T,PyMC-sandwich,3.398487
NASDAQNQBRLC,PyMC-sandwich,2.832096
NASDAQNQBRSCT,PyMC-sandwich,2.640285
NASDAQNQCA20,PyMC-sandwich,2.769155
NASDAQNQCA35LMT,PyMC-sandwich,2.746589
NASDAQNQCA45LMT,PyMC-sandwich,3.055079
NASDAQNQCA55LMT,PyMC-sandwich,2.388360
NASDAQNQCA65LMT,PyMC-sandwich,3.431331
NASDAQNQCAMCN,PyMC-sandwich,3.285262
NASDAQNQCH20LM,PyMC-sandwich,3.011300
NASDAQNQCH35N,PyMC-sandwich,3.275199
NASDAQNQCH50LM,PyMC-sandwich,2.900637
NASDAQNQCHLMN,PyMC-sandwich,3.288388
NASDAQNQCL30LM,PyMC-sandwich,2.638880
NASDAQNQCL50N,PyMC-sandwich,2.901861
NASDAQNQCLLMN,PyMC-sandwich,2.700092
NASDAQNQCN10,PyMC-sandwich,2.596097
NASDAQNQCN30,PyMC-sandwich,2.927119
NASDAQNQCN40,PyMC-sandwich,2.549340
NASDAQNQCN50,PyMC-sandwich,2.947997
NASDAQNQCN60,PyMC-sandwich,2.890297
NASDAQNQCNLC,PyMC-sandwich,2.751032
NASDAQNQCNNEWCNYN,PyMC-sandwich,2.777714
NASDAQNQCO30,PyMC-sandwich,2.605520
NASDAQNQCOLM,PyMC-sandwich,2.537123
NASDAQNQCZN,PyMC-sandwich,3.216524
NASDAQNQDE10LMT,PyMC-sandwich,2.555584
NASDAQNQDE30LMT,PyMC-sandwich,3.034990
NASDAQNQDE40LMT,PyMC-sandwich,2.859992
NASDAQNQDE55,PyMC-sandwich,2.879125
NASDAQNQDELMAUD,PyMC-sandwich,3.276719
NASDAQNQDELMJPY,PyMC-sandwich,3.090482
NASDAQNQDET,PyMC-sandwich,3.093465
NASDAQNQDK50LM,PyMC-sandwich,2.673517
NASDAQNQDMASIA35LMN,PyMC-sandwich,3.104495
NASDAQNQDMEU10LM,PyMC-sandwich,2.696329
NASDAQNQDMEU20LM,PyMC-sandwich,3.049115
NASDAQNQDMEU3020,PyMC-sandwich,3.080778
NASDAQNQDMEU30LM,PyMC-sandwich,2.990150
NASDAQNQDMEU4010,PyMC-sandwich,2.795096
NASDAQNQDMEU4030,PyMC-sandwich,2.973524
NASDAQNQDMEU4050,PyMC-sandwich,2.887444
NASDAQNQDMEU4510,PyMC-sandwich,3.243834
NASDAQNQDMEU45LM,PyMC-sandwich,3.278277
NASDAQNQDMEU5020,PyMC-sandwich,2.955557
NASDAQNQDMEU5510,PyMC-sandwich,2.529974
NASDAQNQDMEU55LM,PyMC-sandwich,2.886088
NASDAQNQDMEU65LM,PyMC-sandwich,3.149688
NASDAQNQDMEUMCN,PyMC-sandwich,3.280641
NASDAQNQDMEUXGBT,PyMC-sandwich,3.219218
NASDAQNQDXASPAXJPGBPT,PyMC-sandwich,2.764710
NASDAQNQDXDEGBPT,PyMC-sandwich,3.070265
NASDAQNQDXEUROEURT,PyMC-sandwich,3.325765
NASDAQNQDXGBEURT,PyMC-sandwich,3.305181
NASDAQNQDXJPGBPT,PyMC-sandwich,2.949360
NASDAQNQDXUSSCEURT,PyMC-sandwich,2.979061
NASDAQNQEMASIA35LM,PyMC-sandwich,3.080359
NASDAQNQEMEA15,PyMC-sandwich,3.124103
NASDAQNQEMEA30,PyMC-sandwich,3.041757
NASDAQNQEMEA3020T,PyMC-sandwich,3.106753
NASDAQNQEMEA35,PyMC-sandwich,3.172139
NASDAQNQEMEA4010T,PyMC-sandwich,2.812022
NASDAQNQEMEA4030T,PyMC-sandwich,2.979078
NASDAQNQEMEA4050T,PyMC-sandwich,2.908884
NASDAQNQEMEA4510T,PyMC-sandwich,3.249559
NASDAQNQEMEA50,PyMC-sandwich,2.983258
NASDAQNQEMEA5020T,PyMC-sandwich,2.962365
NASDAQNQEMEA5510T,PyMC-sandwich,2.470839
NASDAQNQEMEA60,PyMC-sandwich,3.063302
NASDAQNQEMEALC,PyMC-sandwich,3.264963
NASDAQNQEMEASCT,PyMC-sandwich,3.272668
NASDAQNQEMEU30,PyMC-sandwich,2.822396
NASDAQNQEMEU30LMT,PyMC-sandwich,2.792684
NASDAQNQEMEU4020T,PyMC-sandwich,2.713108
NASDAQNQEMEU45,PyMC-sandwich,2.899512
NASDAQNQEMEU50,PyMC-sandwich,2.707541
NASDAQNQEMEU5510LMT,PyMC-sandwich,2.264363
NASDAQNQEMEU60LMT,PyMC-sandwich,2.850834
NASDAQNQEMEULMN,PyMC-sandwich,3.042521
NASDAQNQES35,PyMC-sandwich,2.911286
NASDAQNQEU15N,PyMC-sandwich,3.093599
NASDAQNQEU3010T,PyMC-sandwich,2.800333
NASDAQNQEU30LMN,PyMC-sandwich,2.989720
NASDAQNQEU4020,PyMC-sandwich,2.891736
NASDAQNQEU4040N,PyMC-sandwich,2.994094
NASDAQNQEU4510T,PyMC-sandwich,3.243832
NASDAQNQEU5010N,PyMC-sandwich,2.919223
NASDAQNQEU5510LM,PyMC-sandwich,2.573504
NASDAQNQEU60,PyMC-sandwich,3.053543
NASDAQNQEULCT,PyMC-sandwich,3.251580
NASDAQNQEUROLM,PyMC-sandwich,3.156391
NASDAQNQEUROLMN,PyMC-sandwich,3.158672
NASDAQNQEUROZ15T,PyMC-sandwich,2.997111
NASDAQNQEUROZ3020LM,PyMC-sandwich,3.184935
NASDAQNQEUROZ35LM,PyMC-sandwich,2.964108
NASDAQNQEUROZ4020LM,PyMC-sandwich,2.770490
NASDAQNQEUROZ4040LM,PyMC-sandwich,2.724053
NASDAQNQEUROZ40N,PyMC-sandwich,2.969058
NASDAQNQEUROZ45LM,PyMC-sandwich,3.125430
NASDAQNQEUROZ5020T,PyMC-sandwich,2.866055
NASDAQNQEUROZ5520LM,PyMC-sandwich,3.086733
NASDAQNQEUROZ60N,PyMC-sandwich,3.019468
NASDAQNQEUXGBLM,PyMC-sandwich,3.214087
NASDAQNQG35N,PyMC-sandwich,3.572396
NASDAQNQHK35,PyMC-sandwich,2.948000
NASDAQNQJP35,PyMC-sandwich,3.049788
NASDAQNQLA35N,PyMC-sandwich,2.990406
NASDAQNQNA35,PyMC-sandwich,3.327165
NASDAQNQPH35,PyMC-sandwich,2.726351
NASDAQNQSG35N,PyMC-sandwich,3.518275
NASDAQNQUSB302030N,PyMC-sandwich,3.096557
NASDAQNQUSB35101015T,PyMC-sandwich,2.648861
NASDAQNQUSB35LM,PyMC-sandwich,3.297553
NASDAQNQUSL351020,PyMC-sandwich,3.262720
NASDAQNQUSM302030N,PyMC-sandwich,2.965301
NASDAQNQUSS302030N,PyMC-sandwich,3.112901
NASDAQNQUSS351020,PyMC-sandwich,3.193983
NASDAQNQXAUBAUDNMH,PyMC-sandwich,3.294202
NASDAQNQZA35N,PyMC-sandwich,2.968683
NASDAQSX351010GI,PyMC-sandwich,2.971444
NASDAQXNBINNRJPY,PyMC-sandwich,2.855194
NASDAQXNDXNNREUR,PyMC-sandwich,3.045846
DEXKOUS,PyMC-sandwich,3.686516
DEXUSEU,PyMC-sandwich,4.107731
DRGASLA,PyMC-sandwich,2.013557
IHLCHGAUTPREALESTA,PyMC-sandwich,-0.615290
IHLIDXCATPLOST,PyMC-sandwich,4.626414
NASDAQABAQ,PyMC-sandwich,2.846537
NASDAQBEWELLAUTR,PyMC-sandwich,3.004034
NASDAQCELSEW,PyMC-sandwich,2.257834
NASDAQCOMPCAD,PyMC-sandwich,3.098425
NASDAQDAACAD,PyMC-sandwich,3.596736
NASDAQDAAXJPN,PyMC-sandwich,3.363968
NASDAQDRBG,PyMC-sandwich,3.539260
NASDAQDVGCADN,PyMC-sandwich,3.515529
NASDAQEMCLOUDN,PyMC-sandwich,2.428044
NASDAQFNISEURGI,PyMC-sandwich,3.222337
NASDAQGRNWATERLX,PyMC-sandwich,3.340955
NASDAQHX601010PI,PyMC-sandwich,2.138567
NASDAQIX35PI,PyMC-sandwich,3.327880
NASDAQLVDAT,PyMC-sandwich,3.505178
NASDAQN3030EURGI,PyMC-sandwich,3.402260
NASDAQN4040EURGI,PyMC-sandwich,2.940650
NASDAQN5010EURGI,PyMC-sandwich,2.958323
NASDAQN60EURGI,PyMC-sandwich,2.481304
NASDAQNCXGBP,PyMC-sandwich,2.652588
NASDAQNCXTAUD,PyMC-sandwich,2.649336
NASDAQNDXCHFMH,PyMC-sandwich,3.064451
NASDAQNDXEEURMH,PyMC-sandwich,3.157454
NASDAQNDXESG04,PyMC-sandwich,3.008281
NASDAQNDXESG22,PyMC-sandwich,3.037818
NASDAQNDXG12MH,PyMC-sandwich,3.009525
NASDAQNDXS2,PyMC-sandwich,2.362622
NASDAQNETLXT,PyMC-sandwich,3.234656
NASDAQNETRHKD,PyMC-sandwich,3.153124
NASDAQNETRNNREURMH,PyMC-sandwich,3.154668
NASDAQNGXCHF,PyMC-sandwich,2.985199
NASDAQNGXESG14,PyMC-sandwich,2.897923
NASDAQNGXESGT,PyMC-sandwich,2.911734
NASDAQNGXNCADMH,PyMC-sandwich,3.020565
NASDAQNGXTGBP,PyMC-sandwich,3.063720
NASDAQNOMXNBINI,PyMC-sandwich,3.203784
NASDAQNOMXNCRNI,PyMC-sandwich,2.948728
NASDAQNOMXNHCNI,PyMC-sandwich,2.864390
NASDAQNOMXNINNI,PyMC-sandwich,2.897277
NASDAQNOMXNTINI,PyMC-sandwich,2.952789
NASDAQNOMXSCSEPI,PyMC-sandwich,3.187826
NASDAQNQ5HANDLTE,PyMC-sandwich,4.136146
NASDAQNQASIA,PyMC-sandwich,3.116855
NASDAQNQASIA15T,PyMC-sandwich,2.492514
NASDAQNQASIA30T,PyMC-sandwich,3.230295
NASDAQNQASIA40T,PyMC-sandwich,3.122920
NASDAQNQASIA50T,PyMC-sandwich,3.002879
NASDAQNQASIA60T,PyMC-sandwich,3.341171
NASDAQNQASPA10,PyMC-sandwich,2.655225
NASDAQNQASPA20,PyMC-sandwich,3.131005
NASDAQNQASPA3010T,PyMC-sandwich,3.269460
NASDAQNQASPA3030T,PyMC-sandwich,3.089840
NASDAQNQASPA40,PyMC-sandwich,3.150108
NASDAQNQASPA4030,PyMC-sandwich,3.167355
NASDAQNQASPA4050,PyMC-sandwich,3.306575
NASDAQNQASPA4510,PyMC-sandwich,3.630149
NASDAQNQASPA45LM,PyMC-sandwich,3.603621
NASDAQNQASPA5020,PyMC-sandwich,2.973952
NASDAQNQASPA5510,PyMC-sandwich,2.758867
NASDAQNQASPA55LM,PyMC-sandwich,2.871699
NASDAQNQASPA65LM,PyMC-sandwich,3.500328
NASDAQNQASPAMCN,PyMC-sandwich,3.224039
NASDAQNQASPAXJPT,PyMC-sandwich,3.048261
NASDAQNQATMCN,PyMC-sandwich,3.033667
NASDAQNQAU15N,PyMC-sandwich,3.248065
NASDAQNQAU30N,PyMC-sandwich,2.989286
NASDAQNQAU40N,PyMC-sandwich,3.006470
NASDAQNQAU55LM,PyMC-sandwich,2.587742
NASDAQNQAU65LM,PyMC-sandwich,2.747997
NASDAQNQAUMCN,PyMC-sandwich,3.291528
NASDAQNQBE30LM,PyMC-sandwich,3.035593
NASDAQNQBE55N,PyMC-sandwich,2.617767
NASDAQNQBESC,PyMC-sandwich,3.257065
NASDAQNQBR20N,PyMC-sandwich,2.490489
NASDAQNQBR40LM,PyMC-sandwich,2.349093
NASDAQNQBR50LM,PyMC-sandwich,2.644834
NASDAQNQBR60LM,PyMC-sandwich,2.714199
NASDAQNQBRIC10,PyMC-sandwich,2.753895
NASDAQNQBRIC20,PyMC-sandwich,2.949535
NASDAQNQBRIC35,PyMC-sandwich,2.953725
NASDAQNQBRIC45,PyMC-sandwich,3.486237
NASDAQNQBRIC55,PyMC-sandwich,2.957609
NASDAQNQBRIC65,PyMC-sandwich,3.240923
NASDAQNQBRLCN,PyMC-sandwich,2.834533
NASDAQNQBRT,PyMC-sandwich,2.809091
NASDAQNQCA20N,PyMC-sandwich,2.771967
NASDAQNQCA35N,PyMC-sandwich,3.365388
NASDAQNQCA45N,PyMC-sandwich,3.148435
NASDAQNQCA55N,PyMC-sandwich,2.368562
NASDAQNQCA65N,PyMC-sandwich,3.621129
NASDAQNQCAMCT,PyMC-sandwich,3.283489
NASDAQNQCH20LMN,PyMC-sandwich,3.010004
NASDAQNQCH35T,PyMC-sandwich,3.277891
NASDAQNQCH50LMN,PyMC-sandwich,2.894989
NASDAQNQCHLMT,PyMC-sandwich,3.295831
NASDAQNQCL30LMN,PyMC-sandwich,2.634810
NASDAQNQCL50T,PyMC-sandwich,2.894359
NASDAQNQCLLMT,PyMC-sandwich,2.704693
NASDAQNQCN10LM,PyMC-sandwich,2.595951
NASDAQNQCN30LM,PyMC-sandwich,2.930019
NASDAQNQCN40LM,PyMC-sandwich,2.524273
NASDAQNQCN50LM,PyMC-sandwich,2.837704
NASDAQNQCN60LM,PyMC-sandwich,2.864293
NASDAQNQCNLCN,PyMC-sandwich,2.737942
NASDAQNQCNNEWCNYT,PyMC-sandwich,2.783423
NASDAQNQCO30LM,PyMC-sandwich,2.541082
NASDAQNQCOLMN,PyMC-sandwich,2.536591
NASDAQNQCZT,PyMC-sandwich,3.216428
NASDAQNQDE10N,PyMC-sandwich,2.574708
NASDAQNQDE30N,PyMC-sandwich,3.032447
NASDAQNQDE40N,PyMC-sandwich,2.891777
NASDAQNQDE55LM,PyMC-sandwich,2.852446
NASDAQNQDELMAUDN,PyMC-sandwich,3.281479
NASDAQNQDELMJPYN,PyMC-sandwich,3.089997
NASDAQNQDK,PyMC-sandwich,2.722883
NASDAQNQDK50LMN,PyMC-sandwich,2.678881
NASDAQNQDMASIA35LMT,PyMC-sandwich,3.105287
NASDAQNQDMEU10LMN,PyMC-sandwich,2.690938
NASDAQNQDMEU20LMN,PyMC-sandwich,3.045009
NASDAQNQDMEU3020LM,PyMC-sandwich,3.056382
NASDAQNQDMEU30LMN,PyMC-sandwich,2.991365
NASDAQNQDMEU4010LM,PyMC-sandwich,2.798002
NASDAQNQDMEU4030LM,PyMC-sandwich,2.922117
NASDAQNQDMEU4050LM,PyMC-sandwich,2.813229
NASDAQNQDMEU4510LM,PyMC-sandwich,3.214002
NASDAQNQDMEU45LMN,PyMC-sandwich,3.278461
NASDAQNQDMEU5020LM,PyMC-sandwich,2.917610
NASDAQNQDMEU5510LM,PyMC-sandwich,2.582580
NASDAQNQDMEU55LMN,PyMC-sandwich,2.891440
NASDAQNQDMEU65LMN,PyMC-sandwich,3.155740
NASDAQNQDMEUMCT,PyMC-sandwich,3.279619
NASDAQNQDMMEA35,PyMC-sandwich,2.580402
NASDAQNQDXCHEUR,PyMC-sandwich,3.477046
NASDAQNQDXEMEUR,PyMC-sandwich,3.245980
NASDAQNQDXEUROGBP,PyMC-sandwich,3.374447
NASDAQNQDXGBGBP,PyMC-sandwich,3.394253
NASDAQNQDXJPJPY,PyMC-sandwich,2.967611
NASDAQNQDXUSSCGBP,PyMC-sandwich,3.014626
NASDAQNQEMASIA35LMN,PyMC-sandwich,3.084394
NASDAQNQEMEA15LM,PyMC-sandwich,3.091996
NASDAQNQEMEA3010,PyMC-sandwich,2.842253
NASDAQNQEMEA3030,PyMC-sandwich,3.204231
NASDAQNQEMEA35LM,PyMC-sandwich,3.129062
NASDAQNQEMEA4020,PyMC-sandwich,2.898398
NASDAQNQEMEA4040,PyMC-sandwich,3.006048
NASDAQNQEMEA40LM,PyMC-sandwich,3.018487
NASDAQNQEMEA4520,PyMC-sandwich,3.316830
NASDAQNQEMEA5010,PyMC-sandwich,2.923205
NASDAQNQEMEA50LM,PyMC-sandwich,2.949415
NASDAQNQEMEA5520,PyMC-sandwich,3.165996
NASDAQNQEMEA60LM,PyMC-sandwich,3.037133
NASDAQNQEMEALCN,PyMC-sandwich,3.261571
NASDAQNQEMEAT,PyMC-sandwich,3.285368
NASDAQNQEMEU3010,PyMC-sandwich,2.759838
NASDAQNQEMEU30N,PyMC-sandwich,2.815074
NASDAQNQEMEU4040,PyMC-sandwich,2.700993
NASDAQNQEMEU4510,PyMC-sandwich,2.655219
NASDAQNQEMEU5010,PyMC-sandwich,2.621519
NASDAQNQEMEU5510N,PyMC-sandwich,2.442747
NASDAQNQEMEU60N,PyMC-sandwich,2.853266
NASDAQNQEMEULMT,PyMC-sandwich,3.035217
NASDAQNQES35N,PyMC-sandwich,2.910629
NASDAQNQEU15T,PyMC-sandwich,3.101873
NASDAQNQEU3020,PyMC-sandwich,3.093350
NASDAQNQEU30LMT,PyMC-sandwich,2.996288
NASDAQNQEU4020LM,PyMC-sandwich,2.853362
NASDAQNQEU4050,PyMC-sandwich,2.905962
NASDAQNQEU4520,PyMC-sandwich,3.285564
NASDAQNQEU5020,PyMC-sandwich,2.955933
NASDAQNQEU5510LMN,PyMC-sandwich,2.576612
NASDAQNQEU60LM,PyMC-sandwich,3.031776
NASDAQNQEULM,PyMC-sandwich,3.276968
NASDAQNQEUROLMAUDN,PyMC-sandwich,3.388287
NASDAQNQEUROLMT,PyMC-sandwich,3.156976
NASDAQNQEUROZ20,PyMC-sandwich,3.044780
NASDAQNQEUROZ3020LMT,PyMC-sandwich,3.188059
NASDAQNQEUROZ35LMN,PyMC-sandwich,2.971736
NASDAQNQEUROZ4020LMN,PyMC-sandwich,2.772647
NASDAQNQEUROZ4040LMN,PyMC-sandwich,2.729037
NASDAQNQEUROZ40T,PyMC-sandwich,2.971284
NASDAQNQEUROZ45LMN,PyMC-sandwich,3.137909
NASDAQNQEUROZ50LM,PyMC-sandwich,2.862433
NASDAQNQEUROZ5520LMT,PyMC-sandwich,3.094363
NASDAQNQEUROZ60T,PyMC-sandwich,3.027629
NASDAQNQEUXGBLMN,PyMC-sandwich,3.219007
NASDAQNQG35T,PyMC-sandwich,3.580175
NASDAQNQHK35LM,PyMC-sandwich,2.922568
NASDAQNQJP35LM,PyMC-sandwich,2.645411
NASDAQNQLA35T,PyMC-sandwich,2.991200
NASDAQNQNA35LM,PyMC-sandwich,3.306620
NASDAQNQPH35T,PyMC-sandwich,2.732546
NASDAQNQSG35T,PyMC-sandwich,3.514487
NASDAQNQUSB302030T,PyMC-sandwich,3.095333
NASDAQNQUSB351010LM,PyMC-sandwich,2.649585
NASDAQNQUSB35LMN,PyMC-sandwich,3.307361
NASDAQNQUSL351020N,PyMC-sandwich,3.266434
NASDAQNQUSM302030T,PyMC-sandwich,2.967259
NASDAQNQUSS302030T,PyMC-sandwich,3.103268
NASDAQNQUSS351020N,PyMC-sandwich,3.199762
NASDAQNQXAUBAUDTMH,PyMC-sandwich,3.296226
NASDAQNQZA35T,PyMC-sandwich,2.971129
NASDAQSX351010PI,PyMC-sandwich,2.978568
NASDAQXNDXAUDMH,PyMC-sandwich,3.055298
NASDAQXNDXNNRGBP,PyMC-sandwich,3.101036
